customerID,jobID,bookingTime,vaTime,startX,startY,endX,endY
10000,AP0,01.12.2019 00:05,01.12.2019 00:05,330116.167,4690965.5,331118.9,4692214.8
10001,AP1,01.12.2019 00:28,01.12.2019 00:28,330116.167,4690965.5,331118.9,4692214.8
10002,AP2,01.12.2019 00:34,01.12.2019 00:34,331312.951,4691022.0,330116.167,4690965.5
10003,AP3,01.12.2019 00:36,01.12.2019 00:36,330116.167,4690965.5,328173.403,4694189.5
10004,AP4,01.12.2019 00:39,01.12.2019 00:39,330116.167,4690965.5,329437.881,4691913.5
10005,AP5,01.12.2019 00:41,01.12.2019 00:41,330116.167,4690965.5,329437.881,4691913.5
10006,AP6,01.12.2019 01:10,01.12.2019 01:10,330116.167,4690965.5,328529.27,4689502.7
10007,AP7,01.12.2019 01:38,01.12.2019 01:38,330116.167,4690965.5,328186.047,4690041.0
10008,AP8,01.12.2019 01:58,01.12.2019 01:58,330116.167,4690965.5,326591.427,4690477.7
10009,AP9,01.12.2019 02:03,01.12.2019 02:03,330116.167,4690965.5,326591.427,4690477.7
10010,AP10,01.12.2019 02:14,01.12.2019 02:14,330019.85,4693544.9,330116.167,4690965.5
10011,AP11,01.12.2019 02:18,01.12.2019 02:18,330019.85,4693544.9,330116.167,4690965.5
10012,AP12,01.12.2019 02:31,01.12.2019 02:31,330366.364,4694072.0,330116.167,4690965.5
10013,AP13,01.12.2019 02:32,01.12.2019 02:32,330688.69,4692107.4,330116.167,4690965.5
10014,AP14,01.12.2019 02:37,01.12.2019 02:37,330116.167,4690965.5,328725.71,4690686.1
10015,AP15,01.12.2019 02:38,01.12.2019 02:38,328542.91,4689685.4,330116.167,4690965.5
10016,AP16,01.12.2019 02:40,01.12.2019 02:40,328395.4,4687170.31,330116.167,4690965.5
10017,AP17,01.12.2019 02:48,01.12.2019 02:48,330365.093,4693119.3,330116.167,4690965.5
10018,AP18,01.12.2019 02:49,01.12.2019 02:49,330365.093,4693119.3,330116.167,4690965.5
10019,AP19,01.12.2019 02:50,01.12.2019 02:50,330365.093,4693119.3,330116.167,4690965.5
10020,AP20,01.12.2019 02:51,01.12.2019 02:51,330365.093,4693119.3,330116.167,4690965.5
10021,AP21,01.12.2019 02:53,01.12.2019 02:53,330365.093,4693119.3,330116.167,4690965.5
10022,AP22,01.12.2019 02:55,01.12.2019 02:55,328864.49,4690835.2,330116.167,4690965.5
10023,AP23,01.12.2019 02:55,01.12.2019 02:55,330365.093,4693119.3,330116.167,4690965.5
10024,AP24,01.12.2019 02:55,01.12.2019 02:55,331312.951,4691022.0,330116.167,4690965.5
10025,AP25,01.12.2019 03:01,01.12.2019 03:01,331312.951,4691022.0,330116.167,4690965.5
10026,AP26,01.12.2019 03:07,01.12.2019 03:07,331312.951,4691022.0,330116.167,4690965.5
10027,AP27,01.12.2019 03:10,01.12.2019 03:10,328864.49,4690835.2,330116.167,4690965.5
10028,AP28,01.12.2019 03:11,01.12.2019 03:11,328960.27,4690512.0,330116.167,4690965.5
10029,AP29,01.12.2019 03:12,01.12.2019 03:12,330116.167,4690965.5,329437.881,4691913.5
10030,AP30,01.12.2019 03:13,01.12.2019 03:13,330116.167,4690965.5,329437.881,4691913.5
10031,AP31,01.12.2019 03:29,01.12.2019 03:29,330116.167,4690965.5,332897.69,4690056.2
10032,AP32,01.12.2019 03:33,01.12.2019 03:33,328919.185,4689763.9,330116.167,4690965.5
10033,AP33,01.12.2019 03:42,01.12.2019 03:42,328919.185,4689763.9,330116.167,4690965.5
10034,AP34,01.12.2019 03:44,01.12.2019 03:44,328919.185,4689763.9,330116.167,4690965.5
10035,AP35,01.12.2019 03:51,01.12.2019 03:51,327089.5,4693481.3,330116.167,4690965.5
10036,AP36,01.12.2019 03:55,01.12.2019 03:55,330366.364,4694072.0,330116.167,4690965.5
10037,AP37,01.12.2019 03:58,01.12.2019 03:58,330366.364,4694072.0,330116.167,4690965.5
10038,AP38,01.12.2019 07:05,01.12.2019 07:05,328864.49,4690835.2,330116.167,4690965.5
10039,AP39,01.12.2019 07:06,01.12.2019 07:06,330116.167,4690965.5,329437.881,4691913.5
10040,AP40,01.12.2019 07:09,01.12.2019 07:09,330116.167,4690965.5,329142.722,4689445.4
10041,AP41,01.12.2019 07:10,01.12.2019 07:10,330366.364,4694072.0,330116.167,4690965.5
10042,AP42,01.12.2019 07:14,01.12.2019 07:14,328259.35,4692915.7,330116.167,4690965.5
10043,AP43,01.12.2019 07:20,01.12.2019 07:20,330116.167,4690965.5,331622.44,4690826.1
10044,AP44,01.12.2019 07:25,01.12.2019 07:25,330116.167,4690965.5,331513.04,4690840.38
10045,AP45,01.12.2019 07:30,01.12.2019 07:30,330116.167,4690965.5,331622.44,4690826.1
10046,AP46,01.12.2019 07:34,01.12.2019 07:34,330116.167,4690965.5,330580.3,4692080.0
10047,AP47,01.12.2019 07:35,01.12.2019 07:35,330116.167,4690965.5,331622.44,4690826.1
10048,AP48,01.12.2019 07:36,01.12.2019 07:36,330116.167,4690965.5,331622.44,4690826.1
10049,AP49,01.12.2019 07:39,01.12.2019 07:39,328641.36,4690542.5,330116.167,4690965.5
10050,AP50,01.12.2019 07:42,01.12.2019 07:42,330116.167,4690965.5,328460.08,4692098.4
10051,AP51,01.12.2019 07:43,01.12.2019 07:43,330116.167,4690965.5,329525.838,4690200.2
10052,AP52,01.12.2019 07:43,01.12.2019 07:43,330116.167,4690965.5,329142.722,4689445.4
10053,AP53,01.12.2019 07:44,01.12.2019 07:44,328641.36,4690542.5,330116.167,4690965.5
10054,AP54,01.12.2019 07:45,01.12.2019 07:45,330116.167,4690965.5,330923.47,4690026.9
10055,AP55,01.12.2019 07:45,01.12.2019 07:45,328641.36,4690542.5,330116.167,4690965.5
10056,AP56,01.12.2019 07:46,01.12.2019 07:46,330116.167,4690965.5,330211.075,4691438.1
10057,AP57,01.12.2019 07:48,01.12.2019 07:48,330116.167,4690965.5,332654.604,4690058.5
10058,AP58,01.12.2019 07:48,01.12.2019 07:48,330116.167,4690965.5,329142.722,4689445.4
10059,AP59,01.12.2019 07:50,01.12.2019 07:50,329576.97,4689773.2,330116.167,4690965.5
10060,AP60,01.12.2019 07:50,01.12.2019 07:50,330116.167,4690965.5,331622.44,4690826.1
10061,AP61,01.12.2019 07:51,01.12.2019 07:51,330116.167,4690965.5,329142.722,4689445.4
10062,AP62,01.12.2019 07:51,01.12.2019 07:51,330116.167,4690965.5,330549.6,4691678.49
10063,AP63,01.12.2019 07:52,01.12.2019 07:52,329139.34,4689893.8,330116.167,4690965.5
10064,AP64,01.12.2019 07:53,01.12.2019 07:53,329525.838,4690200.2,330116.167,4690965.5
10065,AP65,01.12.2019 07:56,01.12.2019 07:56,330116.167,4690965.5,329576.97,4689773.2
10066,AP66,01.12.2019 07:58,01.12.2019 07:58,329525.838,4690200.2,330116.167,4690965.5
10067,AP67,01.12.2019 07:58,01.12.2019 07:58,330116.167,4690965.5,330549.6,4691678.49
10068,AP68,01.12.2019 08:00,01.12.2019 08:00,330116.167,4690965.5,330621.26,4691012.9
10069,AP69,01.12.2019 08:00,01.12.2019 08:00,326584.59,4687114.0,330116.167,4690965.5
10070,AP70,01.12.2019 08:01,01.12.2019 08:01,329576.97,4689773.2,330116.167,4690965.5
10071,AP71,01.12.2019 08:04,01.12.2019 08:04,330116.167,4690965.5,332897.69,4690056.2
10072,AP72,01.12.2019 08:06,01.12.2019 08:06,330116.167,4690965.5,332897.69,4690056.2
10073,AP73,01.12.2019 08:09,01.12.2019 08:09,330116.167,4690965.5,331836.343,4690524.0
10074,AP74,01.12.2019 08:10,01.12.2019 08:10,330116.167,4690965.5,329142.722,4689445.4
10075,AP75,01.12.2019 08:10,01.12.2019 08:10,330116.167,4690965.5,331622.44,4690826.1
10076,AP76,01.12.2019 08:10,01.12.2019 08:10,324671.85,4692365.0,330116.167,4690965.5
10077,AP77,01.12.2019 08:11,01.12.2019 08:11,329306.04,4690666.0,330116.167,4690965.5
10078,AP78,01.12.2019 08:12,01.12.2019 08:12,330116.167,4690965.5,332897.69,4690056.2
10079,AP79,01.12.2019 08:15,01.12.2019 08:15,325305.077,4689012.3,330116.167,4690965.5
10080,AP80,01.12.2019 08:15,01.12.2019 08:15,329306.04,4690666.0,330116.167,4690965.5
10081,AP81,01.12.2019 08:15,01.12.2019 08:15,330116.167,4690965.5,329019.648,4692611.3
10082,AP82,01.12.2019 08:15,01.12.2019 08:15,330116.167,4690965.5,329019.648,4692611.3
10083,AP83,01.12.2019 08:15,01.12.2019 08:15,329306.04,4690666.0,330116.167,4690965.5
10084,AP84,01.12.2019 08:17,01.12.2019 08:17,329142.722,4689445.4,330116.167,4690965.5
10085,AP85,01.12.2019 08:17,01.12.2019 08:17,329306.04,4690666.0,330116.167,4690965.5
10086,AP86,01.12.2019 08:18,01.12.2019 08:18,329306.04,4690666.0,330116.167,4690965.5
10087,AP87,01.12.2019 08:18,01.12.2019 08:18,329306.04,4690666.0,330116.167,4690965.5
10088,AP88,01.12.2019 08:18,01.12.2019 08:18,330116.167,4690965.5,331622.44,4690826.1
10089,AP89,01.12.2019 08:19,01.12.2019 08:19,330116.167,4690965.5,329142.722,4689445.4
10090,AP90,01.12.2019 08:19,01.12.2019 08:19,329525.838,4690200.2,330116.167,4690965.5
10091,AP91,01.12.2019 08:20,01.12.2019 08:20,330116.167,4690965.5,332897.69,4690056.2
10092,AP92,01.12.2019 08:20,01.12.2019 08:20,330116.167,4690965.5,330549.6,4691678.49
10093,AP93,01.12.2019 08:21,01.12.2019 08:21,329306.04,4690666.0,330116.167,4690965.5
10094,AP94,01.12.2019 08:22,01.12.2019 08:22,330116.167,4690965.5,332897.69,4690056.2
10095,AP95,01.12.2019 08:24,01.12.2019 08:24,329306.04,4690666.0,330116.167,4690965.5
10096,AP96,01.12.2019 08:24,01.12.2019 08:24,330116.167,4690965.5,331312.951,4691022.0
10097,AP97,01.12.2019 08:24,01.12.2019 08:24,329306.04,4690666.0,330116.167,4690965.5
10098,AP98,01.12.2019 08:25,01.12.2019 08:25,329306.04,4690666.0,330116.167,4690965.5
10099,AP99,01.12.2019 08:25,01.12.2019 08:25,330116.167,4690965.5,331622.44,4690826.1
10100,AP100,01.12.2019 08:29,01.12.2019 08:29,330116.167,4690965.5,330549.6,4691678.49
10101,AP101,01.12.2019 08:29,01.12.2019 08:29,330116.167,4690965.5,332897.69,4690056.2
10102,AP102,01.12.2019 08:30,01.12.2019 08:30,330116.167,4690965.5,332897.69,4690056.2
10103,AP103,01.12.2019 08:32,01.12.2019 08:32,327144.174,4692837.8,330116.167,4690965.5
10104,AP104,01.12.2019 08:36,01.12.2019 08:36,328919.185,4689763.9,330116.167,4690965.5
10105,AP105,01.12.2019 08:37,01.12.2019 08:37,328186.047,4690041.0,330116.167,4690965.5
10106,AP106,01.12.2019 08:37,01.12.2019 08:37,330116.167,4690965.5,332897.69,4690056.2
10107,AP107,01.12.2019 08:39,01.12.2019 08:39,328641.36,4690542.5,330116.167,4690965.5
10108,AP108,01.12.2019 08:40,01.12.2019 08:40,329576.97,4689773.2,330116.167,4690965.5
10109,AP109,01.12.2019 08:40,01.12.2019 08:40,330366.364,4694072.0,330116.167,4690965.5
10110,AP110,01.12.2019 08:40,01.12.2019 08:40,328186.047,4690041.0,330116.167,4690965.5
10111,AP111,01.12.2019 08:40,01.12.2019 08:40,324714.717,4691972.5,330116.167,4690965.5
10112,AP112,01.12.2019 08:42,01.12.2019 08:42,330116.167,4690965.5,330702.9,4690925.3
10113,AP113,01.12.2019 08:44,01.12.2019 08:44,328186.047,4690041.0,330116.167,4690965.5
10114,AP114,01.12.2019 08:44,01.12.2019 08:44,330116.167,4690965.5,330702.9,4690925.3
10115,AP115,01.12.2019 08:45,01.12.2019 08:45,328919.185,4689763.9,330116.167,4690965.5
10116,AP116,01.12.2019 08:45,01.12.2019 08:45,330116.167,4690965.5,329142.722,4689445.4
10117,AP117,01.12.2019 08:46,01.12.2019 08:46,328195.95,4694875.2,330116.167,4690965.5
10118,AP118,01.12.2019 08:46,01.12.2019 08:46,328864.49,4690835.2,330116.167,4690965.5
10119,AP119,01.12.2019 08:47,01.12.2019 08:47,327091.95,4689281.4,330116.167,4690965.5
10120,AP120,01.12.2019 08:49,01.12.2019 08:49,327257.43,4690683.8,330116.167,4690965.5
10121,AP121,01.12.2019 08:49,01.12.2019 08:49,329142.722,4689445.4,330116.167,4690965.5
10122,AP122,01.12.2019 08:51,01.12.2019 08:51,330116.167,4690965.5,331622.44,4690826.1
10123,AP123,01.12.2019 08:53,01.12.2019 08:53,330116.167,4690965.5,332654.604,4690058.5
10124,AP124,01.12.2019 08:54,01.12.2019 08:54,329142.722,4689445.4,330116.167,4690965.5
10125,AP125,01.12.2019 08:54,01.12.2019 08:54,328864.49,4690835.2,330116.167,4690965.5
10126,AP126,01.12.2019 08:54,01.12.2019 08:54,330116.167,4690965.5,330702.9,4690925.3
10127,AP127,01.12.2019 08:54,01.12.2019 08:54,329142.722,4689445.4,330116.167,4690965.5
10128,AP128,01.12.2019 08:54,01.12.2019 08:54,329437.881,4691913.5,330116.167,4690965.5
10129,AP129,01.12.2019 08:55,01.12.2019 08:55,330702.9,4690925.3,330116.167,4690965.5
10130,AP130,01.12.2019 08:57,01.12.2019 08:57,330116.167,4690965.5,330702.9,4690925.3
10131,AP131,01.12.2019 08:59,01.12.2019 08:59,329142.722,4689445.4,330116.167,4690965.5
10132,AP132,01.12.2019 08:59,01.12.2019 08:59,329142.722,4689445.4,330116.167,4690965.5
10133,AP133,01.12.2019 08:59,01.12.2019 08:59,330116.167,4690965.5,330386.12,4690842.0
10134,AP134,01.12.2019 08:59,01.12.2019 08:59,328186.047,4690041.0,330116.167,4690965.5
10135,AP135,01.12.2019 08:59,01.12.2019 08:59,330116.167,4690965.5,330702.9,4690925.3
10136,AP136,01.12.2019 09:03,01.12.2019 09:03,330116.167,4690965.5,330702.9,4690925.3
10137,AP137,01.12.2019 09:03,01.12.2019 09:03,328919.185,4689763.9,330116.167,4690965.5
10138,AP138,01.12.2019 09:04,01.12.2019 09:04,330116.167,4690965.5,330562.4,4691844.5
10139,AP139,01.12.2019 09:06,01.12.2019 09:06,328186.047,4690041.0,330116.167,4690965.5
10140,AP140,01.12.2019 09:06,01.12.2019 09:06,330116.167,4690965.5,330702.9,4690925.3
10141,AP141,01.12.2019 09:07,01.12.2019 09:07,330116.167,4690965.5,330702.9,4690925.3
10142,AP142,01.12.2019 09:08,01.12.2019 09:08,330116.167,4690965.5,330702.9,4690925.3
10143,AP143,01.12.2019 09:08,01.12.2019 09:08,330116.167,4690965.5,330702.9,4690925.3
10144,AP144,01.12.2019 09:08,01.12.2019 09:08,330116.167,4690965.5,330702.9,4690925.3
10145,AP145,01.12.2019 09:09,01.12.2019 09:09,330116.167,4690965.5,330702.9,4690925.3
10146,AP146,01.12.2019 09:09,01.12.2019 09:09,329306.04,4690666.0,330116.167,4690965.5
10147,AP147,01.12.2019 09:10,01.12.2019 09:10,328919.185,4689763.9,330116.167,4690965.5
10148,AP148,01.12.2019 09:12,01.12.2019 09:12,325913.005,4691603.2,330116.167,4690965.5
10149,AP149,01.12.2019 09:13,01.12.2019 09:13,330116.167,4690965.5,330702.9,4690925.3
10150,AP150,01.12.2019 09:15,01.12.2019 09:15,329576.97,4689773.2,330116.167,4690965.5
10151,AP151,01.12.2019 09:16,01.12.2019 09:16,330116.167,4690965.5,330702.9,4690925.3
10152,AP152,01.12.2019 09:18,01.12.2019 09:18,330116.167,4690965.5,330702.9,4690925.3
10153,AP153,01.12.2019 09:19,01.12.2019 09:19,330116.167,4690965.5,329865.828,4690542.38
10154,AP154,01.12.2019 09:20,01.12.2019 09:20,329142.722,4689445.4,330116.167,4690965.5
10155,AP155,01.12.2019 09:20,01.12.2019 09:20,330116.167,4690965.5,331115.57,4691467.3
10156,AP156,01.12.2019 09:21,01.12.2019 09:21,327381.91,4688674.1,330116.167,4690965.5
10157,AP157,01.12.2019 09:21,01.12.2019 09:21,329139.34,4689893.8,330116.167,4690965.5
10158,AP158,01.12.2019 09:22,01.12.2019 09:22,330116.167,4690965.5,329142.722,4689445.4
10159,AP159,01.12.2019 09:23,01.12.2019 09:23,329142.722,4689445.4,330116.167,4690965.5
10160,AP160,01.12.2019 09:24,01.12.2019 09:24,326789.32,4694224.0,330116.167,4690965.5
10161,AP161,01.12.2019 09:24,01.12.2019 09:24,328919.185,4689763.9,330116.167,4690965.5
10162,AP162,01.12.2019 09:24,01.12.2019 09:24,327278.461,4690623.5,330116.167,4690965.5
10163,AP163,01.12.2019 09:24,01.12.2019 09:24,330116.167,4690965.5,330386.12,4690842.0
10164,AP164,01.12.2019 09:25,01.12.2019 09:25,328919.185,4689763.9,330116.167,4690965.5
10165,AP165,01.12.2019 09:26,01.12.2019 09:26,330116.167,4690965.5,328897.606,4690719.6
10166,AP166,01.12.2019 09:27,01.12.2019 09:27,328919.185,4689763.9,330116.167,4690965.5
10167,AP167,01.12.2019 09:28,01.12.2019 09:28,330081.541,4693462.9,330116.167,4690965.5
10168,AP168,01.12.2019 09:35,01.12.2019 09:35,330116.167,4690965.5,332654.604,4690058.5
10169,AP169,01.12.2019 09:35,01.12.2019 09:35,330822.422,4693361.2,330116.167,4690965.5
10170,AP170,01.12.2019 09:37,01.12.2019 09:37,330001.12,4690169.1,330116.167,4690965.5
10171,AP171,01.12.2019 09:41,01.12.2019 09:41,330127.681,4690003.1,330116.167,4690965.5
10172,AP172,01.12.2019 09:42,01.12.2019 09:42,329525.838,4690200.2,330116.167,4690965.5
10173,AP173,01.12.2019 09:47,01.12.2019 09:47,330116.167,4690965.5,329815.423,4690832.5
10174,AP174,01.12.2019 09:47,01.12.2019 09:47,330001.12,4690169.1,330116.167,4690965.5
10175,AP175,01.12.2019 09:48,01.12.2019 09:48,325090.05,4689888.1,330116.167,4690965.5
10176,AP176,01.12.2019 09:48,01.12.2019 09:48,330116.167,4690965.5,330621.26,4691012.9
10177,AP177,01.12.2019 09:49,01.12.2019 09:49,330116.167,4690965.5,330056.78,4690243.9
10178,AP178,01.12.2019 09:50,01.12.2019 09:50,330127.681,4690003.1,330116.167,4690965.5
10179,AP179,01.12.2019 09:51,01.12.2019 09:51,330116.167,4690965.5,330021.47,4692441.6
10180,AP180,01.12.2019 09:52,01.12.2019 09:52,325913.005,4691603.2,330116.167,4690965.5
10181,AP181,01.12.2019 09:55,01.12.2019 09:55,331005.95,4689466.2,330116.167,4690965.5
10182,AP182,01.12.2019 09:56,01.12.2019 09:56,330116.167,4690965.5,330621.26,4691012.9
10183,AP183,01.12.2019 09:59,01.12.2019 09:59,330702.9,4690925.3,330116.167,4690965.5
10184,AP184,01.12.2019 10:02,01.12.2019 10:02,330822.422,4693361.2,330116.167,4690965.5
10185,AP185,01.12.2019 10:02,01.12.2019 10:02,331632.33,4690082.6,330116.167,4690965.5
10186,AP186,01.12.2019 10:02,01.12.2019 10:02,331632.33,4690082.6,330116.167,4690965.5
10187,AP187,01.12.2019 10:04,01.12.2019 10:04,330001.12,4690169.1,330116.167,4690965.5
10188,AP188,01.12.2019 10:05,01.12.2019 10:05,328864.49,4690835.2,330116.167,4690965.5
10189,AP189,01.12.2019 10:09,01.12.2019 10:09,329437.881,4691913.5,330116.167,4690965.5
10190,AP190,01.12.2019 10:14,01.12.2019 10:14,329142.722,4689445.4,330116.167,4690965.5
10191,AP191,01.12.2019 10:24,01.12.2019 10:24,330116.167,4690965.5,332654.604,4690058.5
10192,AP192,01.12.2019 10:25,01.12.2019 10:25,330116.167,4690965.5,327556.04,4693312.5
10193,AP193,01.12.2019 10:26,01.12.2019 10:26,328960.27,4690512.0,330116.167,4690965.5
10194,AP194,01.12.2019 10:27,01.12.2019 10:27,330116.167,4690965.5,328725.71,4690686.1
10195,AP195,01.12.2019 10:29,01.12.2019 10:29,329306.04,4690666.0,330116.167,4690965.5
10196,AP196,01.12.2019 10:29,01.12.2019 10:29,329306.04,4690666.0,330116.167,4690965.5
10197,AP197,01.12.2019 10:30,01.12.2019 10:30,330116.167,4690965.5,328725.71,4690686.1
10198,AP198,01.12.2019 10:30,01.12.2019 10:30,330116.167,4690965.5,330580.3,4692080.0
10199,AP199,01.12.2019 10:31,01.12.2019 10:31,330116.167,4690965.5,328725.71,4690686.1
10200,AP200,01.12.2019 10:33,01.12.2019 10:33,330116.167,4690965.5,322825.98,4689272.2
10201,AP201,01.12.2019 10:36,01.12.2019 10:36,330549.6,4691678.49,330116.167,4690965.5
10202,AP202,01.12.2019 10:37,01.12.2019 10:37,329707.29,4690995.37,330116.167,4690965.5
10203,AP203,01.12.2019 10:38,01.12.2019 10:38,330116.167,4690965.5,328542.91,4689685.4
10204,AP204,01.12.2019 10:39,01.12.2019 10:39,330116.167,4690965.5,331118.9,4692214.8
10205,AP205,01.12.2019 10:40,01.12.2019 10:40,330116.167,4690965.5,331427.095,4689106.1
10206,AP206,01.12.2019 10:41,01.12.2019 10:41,330116.167,4690965.5,328641.36,4690542.5
10207,AP207,01.12.2019 10:45,01.12.2019 10:45,327241.32,4690173.0,330116.167,4690965.5
10208,AP208,01.12.2019 10:45,01.12.2019 10:45,330056.78,4690243.9,330116.167,4690965.5
10209,AP209,01.12.2019 10:46,01.12.2019 10:46,329139.34,4689893.8,330116.167,4690965.5
10210,AP210,01.12.2019 10:46,01.12.2019 10:46,328897.606,4690719.6,330116.167,4690965.5
10211,AP211,01.12.2019 10:50,01.12.2019 10:50,326726.11,4691403.3,330116.167,4690965.5
10212,AP212,01.12.2019 10:51,01.12.2019 10:51,327618.05,4691658.9,330116.167,4690965.5
10213,AP213,01.12.2019 10:51,01.12.2019 10:51,328186.047,4690041.0,330116.167,4690965.5
10214,AP214,01.12.2019 10:51,01.12.2019 10:51,327618.05,4691658.9,330116.167,4690965.5
10215,AP215,01.12.2019 10:51,01.12.2019 10:51,328919.185,4689763.9,330116.167,4690965.5
10216,AP216,01.12.2019 10:52,01.12.2019 10:52,327618.05,4691658.9,330116.167,4690965.5
10217,AP217,01.12.2019 10:52,01.12.2019 10:52,330116.167,4690965.5,330688.69,4692107.4
10218,AP218,01.12.2019 10:52,01.12.2019 10:52,328542.91,4689685.4,330116.167,4690965.5
10219,AP219,01.12.2019 10:54,01.12.2019 10:54,328186.047,4690041.0,330116.167,4690965.5
10220,AP220,01.12.2019 10:54,01.12.2019 10:54,328619.3,4690347.7,330116.167,4690965.5
10221,AP221,01.12.2019 10:55,01.12.2019 10:55,328725.71,4690686.1,330116.167,4690965.5
10222,AP222,01.12.2019 10:56,01.12.2019 10:56,330001.12,4690169.1,330116.167,4690965.5
10223,AP223,01.12.2019 10:56,01.12.2019 10:56,329437.881,4691913.5,330116.167,4690965.5
10224,AP224,01.12.2019 10:57,01.12.2019 10:57,330365.093,4693119.3,330116.167,4690965.5
10225,AP225,01.12.2019 11:01,01.12.2019 11:01,330116.167,4690965.5,329576.97,4689773.2
10226,AP226,01.12.2019 11:02,01.12.2019 11:02,330116.167,4690965.5,330997.711,4691582.6
10227,AP227,01.12.2019 11:02,01.12.2019 11:02,330116.167,4690965.5,330127.681,4690003.1
10228,AP228,01.12.2019 11:03,01.12.2019 11:03,330116.167,4690965.5,330549.6,4691678.49
10229,AP229,01.12.2019 11:06,01.12.2019 11:06,329576.97,4689773.2,330116.167,4690965.5
10230,AP230,01.12.2019 11:07,01.12.2019 11:07,330116.167,4690965.5,327257.43,4690683.8
10231,AP231,01.12.2019 11:09,01.12.2019 11:09,330116.167,4690965.5,330386.12,4690842.0
10232,AP232,01.12.2019 11:10,01.12.2019 11:10,330116.167,4690965.5,327014.51,4690478.8
10233,AP233,01.12.2019 11:11,01.12.2019 11:11,326726.11,4691403.3,330116.167,4690965.5
10234,AP234,01.12.2019 11:12,01.12.2019 11:12,330001.12,4690169.1,330116.167,4690965.5
10235,AP235,01.12.2019 11:13,01.12.2019 11:13,330116.167,4690965.5,330621.26,4691012.9
10236,AP236,01.12.2019 11:14,01.12.2019 11:14,329576.97,4689773.2,330116.167,4690965.5
10237,AP237,01.12.2019 11:21,01.12.2019 11:21,330116.167,4690965.5,329691.87,4690911.0
10238,AP238,01.12.2019 11:21,01.12.2019 11:21,328619.3,4690347.7,330116.167,4690965.5
10239,AP239,01.12.2019 11:24,01.12.2019 11:24,330116.167,4690965.5,330001.12,4690169.1
10240,AP240,01.12.2019 11:25,01.12.2019 11:25,330116.167,4690965.5,331312.951,4691022.0
10241,AP241,01.12.2019 11:25,01.12.2019 11:25,330904.495,4691196.4,330116.167,4690965.5
10242,AP242,01.12.2019 11:27,01.12.2019 11:27,329576.97,4689773.2,330116.167,4690965.5
10243,AP243,01.12.2019 11:30,01.12.2019 11:30,330116.167,4690965.5,328186.047,4690041.0
10244,AP244,01.12.2019 11:31,01.12.2019 11:31,329142.722,4689445.4,330116.167,4690965.5
10245,AP245,01.12.2019 11:32,01.12.2019 11:32,330116.167,4690965.5,330386.12,4690842.0
10246,AP246,01.12.2019 11:33,01.12.2019 11:33,328641.36,4690542.5,330116.167,4690965.5
10247,AP247,01.12.2019 11:35,01.12.2019 11:35,330001.12,4690169.1,330116.167,4690965.5
10248,AP248,01.12.2019 11:37,01.12.2019 11:37,330116.167,4690965.5,325913.005,4691603.2
10249,AP249,01.12.2019 11:39,01.12.2019 11:39,330116.167,4690965.5,325569.74,4693395.0
10250,AP250,01.12.2019 11:42,01.12.2019 11:42,330116.167,4690965.5,328186.047,4690041.0
10251,AP251,01.12.2019 11:45,01.12.2019 11:45,330116.167,4690965.5,329437.881,4691913.5
10252,AP252,01.12.2019 11:45,01.12.2019 11:45,330116.167,4690965.5,329142.722,4689445.4
10253,AP253,01.12.2019 11:46,01.12.2019 11:46,330116.167,4690965.5,330562.4,4691844.5
10254,AP254,01.12.2019 11:48,01.12.2019 11:48,328897.606,4690719.6,330116.167,4690965.5
10255,AP255,01.12.2019 11:48,01.12.2019 11:48,329576.97,4689773.2,330116.167,4690965.5
10256,AP256,01.12.2019 11:49,01.12.2019 11:49,330116.167,4690965.5,327987.72,4689221.5
10257,AP257,01.12.2019 11:49,01.12.2019 11:49,330116.167,4690965.5,329437.881,4691913.5
10258,AP258,01.12.2019 11:52,01.12.2019 11:52,330116.167,4690965.5,330001.12,4690169.1
10259,AP259,01.12.2019 11:53,01.12.2019 11:53,330116.167,4690965.5,330549.6,4691678.49
10260,AP260,01.12.2019 11:53,01.12.2019 11:53,328641.36,4690542.5,330116.167,4690965.5
10261,AP261,01.12.2019 11:54,01.12.2019 11:54,330001.12,4690169.1,330116.167,4690965.5
10262,AP262,01.12.2019 11:55,01.12.2019 11:55,328641.36,4690542.5,330116.167,4690965.5
10263,AP263,01.12.2019 11:55,01.12.2019 11:55,330116.167,4690965.5,326726.11,4691403.3
10264,AP264,01.12.2019 11:57,01.12.2019 11:57,327278.461,4690623.5,330116.167,4690965.5
10265,AP265,01.12.2019 12:02,01.12.2019 12:02,325090.05,4689888.1,330116.167,4690965.5
10266,AP266,01.12.2019 12:02,01.12.2019 12:02,328897.606,4690719.6,330116.167,4690965.5
10267,AP267,01.12.2019 12:02,01.12.2019 12:02,329923.52,4691948.2,330116.167,4690965.5
10268,AP268,01.12.2019 12:04,01.12.2019 12:04,330116.167,4690965.5,329576.97,4689773.2
10269,AP269,01.12.2019 12:06,01.12.2019 12:06,330116.167,4690965.5,328186.047,4690041.0
10270,AP270,01.12.2019 12:09,01.12.2019 12:09,329691.87,4690911.0,330116.167,4690965.5
10271,AP271,01.12.2019 12:10,01.12.2019 12:10,330116.167,4690965.5,330001.12,4690169.1
10272,AP272,01.12.2019 12:21,01.12.2019 12:21,329437.881,4691913.5,330116.167,4690965.5
10273,AP273,01.12.2019 12:25,01.12.2019 12:25,330116.167,4690965.5,328460.08,4692098.4
10274,AP274,01.12.2019 12:27,01.12.2019 12:27,327764.59,4692563.9,330116.167,4690965.5
10275,AP275,01.12.2019 12:31,01.12.2019 12:31,329525.838,4690200.2,330116.167,4690965.5
10276,AP276,01.12.2019 12:31,01.12.2019 12:31,330116.167,4690965.5,330001.12,4690169.1
10277,AP277,01.12.2019 12:31,01.12.2019 12:31,330116.167,4690965.5,329816.162,4683560.0
10278,AP278,01.12.2019 12:32,01.12.2019 12:32,329576.97,4689773.2,330116.167,4690965.5
10279,AP279,01.12.2019 12:32,01.12.2019 12:32,327556.04,4693312.5,330116.167,4690965.5
10280,AP280,01.12.2019 12:34,01.12.2019 12:34,329525.838,4690200.2,330116.167,4690965.5
10281,AP281,01.12.2019 12:38,01.12.2019 12:38,330389.01,4691780.43,330116.167,4690965.5
10282,AP282,01.12.2019 12:41,01.12.2019 12:41,330116.167,4690965.5,330386.12,4690842.0
10283,AP283,01.12.2019 12:42,01.12.2019 12:42,330116.167,4690965.5,329437.881,4691913.5
10284,AP284,01.12.2019 12:44,01.12.2019 12:44,329139.34,4689893.8,330116.167,4690965.5
10285,AP285,01.12.2019 12:47,01.12.2019 12:47,327241.32,4690173.0,330116.167,4690965.5
10286,AP286,01.12.2019 12:48,01.12.2019 12:48,330127.681,4690003.1,330116.167,4690965.5
10287,AP287,01.12.2019 12:48,01.12.2019 12:48,330056.78,4690243.9,330116.167,4690965.5
10288,AP288,01.12.2019 12:49,01.12.2019 12:49,330116.167,4690965.5,327618.05,4691658.9
10289,AP289,01.12.2019 12:50,01.12.2019 12:50,327025.37,4692269.6,330116.167,4690965.5
10290,AP290,01.12.2019 12:51,01.12.2019 12:51,330116.167,4690965.5,332041.02,4689067.22
10291,AP291,01.12.2019 12:52,01.12.2019 12:52,328619.3,4690347.7,330116.167,4690965.5
10292,AP292,01.12.2019 12:54,01.12.2019 12:54,330977.34,4687381.6,330116.167,4690965.5
10293,AP293,01.12.2019 12:54,01.12.2019 12:54,330056.78,4690243.9,330116.167,4690965.5
10294,AP294,01.12.2019 12:59,01.12.2019 12:59,330056.78,4690243.9,330116.167,4690965.5
10295,AP295,01.12.2019 13:01,01.12.2019 13:01,328725.71,4690686.1,330116.167,4690965.5
10296,AP296,01.12.2019 13:02,01.12.2019 13:02,328864.49,4690835.2,330116.167,4690965.5
10297,AP297,01.12.2019 13:03,01.12.2019 13:03,327618.05,4691658.9,330116.167,4690965.5
10298,AP298,01.12.2019 13:03,01.12.2019 13:03,330116.167,4690965.5,329115.04,4694850.0
10299,AP299,01.12.2019 13:06,01.12.2019 13:06,330116.167,4690965.5,329576.97,4689773.2
10300,AP300,01.12.2019 13:19,01.12.2019 13:19,330562.4,4691844.5,330116.167,4690965.5
10301,AP301,01.12.2019 13:19,01.12.2019 13:19,330116.167,4690965.5,330081.541,4693462.9
10302,AP302,01.12.2019 13:20,01.12.2019 13:20,329142.722,4689445.4,330116.167,4690965.5
10303,AP303,01.12.2019 13:20,01.12.2019 13:20,331005.95,4689466.2,330116.167,4690965.5
10304,AP304,01.12.2019 13:20,01.12.2019 13:20,330116.167,4690965.5,330211.075,4691438.1
10305,AP305,01.12.2019 13:22,01.12.2019 13:22,330116.167,4690965.5,329142.722,4689445.4
10306,AP306,01.12.2019 13:23,01.12.2019 13:23,330056.78,4690243.9,330116.167,4690965.5
10307,AP307,01.12.2019 13:27,01.12.2019 13:27,328897.606,4690719.6,330116.167,4690965.5
10308,AP308,01.12.2019 13:28,01.12.2019 13:28,330116.167,4690965.5,330549.6,4691678.49
10309,AP309,01.12.2019 13:29,01.12.2019 13:29,330116.167,4690965.5,324671.85,4692365.0
10310,AP310,01.12.2019 13:29,01.12.2019 13:29,330116.167,4690965.5,324671.85,4692365.0
10311,AP311,01.12.2019 13:35,01.12.2019 13:35,330116.167,4690965.5,328641.36,4690542.5
10312,AP312,01.12.2019 13:38,01.12.2019 13:38,329557.51,4689227.9,330116.167,4690965.5
10313,AP313,01.12.2019 13:39,01.12.2019 13:39,328040.031,4692137.4,330116.167,4690965.5
10314,AP314,01.12.2019 13:39,01.12.2019 13:39,330116.167,4690965.5,328204.95,4692532.0
10315,AP315,01.12.2019 13:40,01.12.2019 13:40,327764.59,4692563.9,330116.167,4690965.5
10316,AP316,01.12.2019 13:41,01.12.2019 13:41,330549.6,4691678.49,330116.167,4690965.5
10317,AP317,01.12.2019 13:41,01.12.2019 13:41,330116.167,4690965.5,328725.71,4690686.1
10318,AP318,01.12.2019 13:42,01.12.2019 13:42,330116.167,4690965.5,328204.95,4692532.0
10319,AP319,01.12.2019 13:43,01.12.2019 13:43,330116.167,4690965.5,328204.95,4692532.0
10320,AP320,01.12.2019 13:46,01.12.2019 13:46,329923.52,4691948.2,330116.167,4690965.5
10321,AP321,01.12.2019 13:53,01.12.2019 13:53,328919.185,4689763.9,330116.167,4690965.5
10322,AP322,01.12.2019 13:54,01.12.2019 13:54,330997.711,4691582.6,330116.167,4690965.5
10323,AP323,01.12.2019 13:54,01.12.2019 13:54,328641.36,4690542.5,330116.167,4690965.5
10324,AP324,01.12.2019 13:55,01.12.2019 13:55,330116.167,4690965.5,331836.343,4690524.0
10325,AP325,01.12.2019 13:56,01.12.2019 13:56,330549.6,4691678.49,330116.167,4690965.5
10326,AP326,01.12.2019 13:57,01.12.2019 13:57,330549.6,4691678.49,330116.167,4690965.5
10327,AP327,01.12.2019 13:58,01.12.2019 13:58,330116.167,4690965.5,330056.78,4690243.9
10328,AP328,01.12.2019 13:58,01.12.2019 13:58,328641.36,4690542.5,330116.167,4690965.5
10329,AP329,01.12.2019 13:59,01.12.2019 13:59,330116.167,4690965.5,330001.12,4690169.1
10330,AP330,01.12.2019 13:59,01.12.2019 13:59,330116.167,4690965.5,330001.12,4690169.1
10331,AP331,01.12.2019 14:10,01.12.2019 14:10,330211.075,4691438.1,330116.167,4690965.5
10332,AP332,01.12.2019 14:11,01.12.2019 14:11,329576.97,4689773.2,330116.167,4690965.5
10333,AP333,01.12.2019 14:14,01.12.2019 14:14,328542.91,4689685.4,330116.167,4690965.5
10334,AP334,01.12.2019 14:16,01.12.2019 14:16,330116.167,4690965.5,329525.838,4690200.2
10335,AP335,01.12.2019 14:17,01.12.2019 14:17,330688.69,4692107.4,330116.167,4690965.5
10336,AP336,01.12.2019 14:17,01.12.2019 14:17,328619.3,4690347.7,330116.167,4690965.5
10337,AP337,01.12.2019 14:18,01.12.2019 14:18,329285.36,4691333.2,330116.167,4690965.5
10338,AP338,01.12.2019 14:20,01.12.2019 14:20,329142.722,4689445.4,330116.167,4690965.5
10339,AP339,01.12.2019 14:21,01.12.2019 14:21,328641.36,4690542.5,330116.167,4690965.5
10340,AP340,01.12.2019 14:24,01.12.2019 14:24,330116.167,4690965.5,327257.43,4690683.8
10341,AP341,01.12.2019 14:24,01.12.2019 14:24,328897.606,4690719.6,330116.167,4690965.5
10342,AP342,01.12.2019 14:25,01.12.2019 14:25,328897.606,4690719.6,330116.167,4690965.5
10343,AP343,01.12.2019 14:26,01.12.2019 14:26,329691.87,4690911.0,330116.167,4690965.5
10344,AP344,01.12.2019 14:27,01.12.2019 14:27,330116.167,4690965.5,328864.49,4690835.2
10345,AP345,01.12.2019 14:28,01.12.2019 14:28,330116.167,4690965.5,330530.43,4690025.7
10346,AP346,01.12.2019 14:28,01.12.2019 14:28,330116.167,4690965.5,329865.828,4690542.38
10347,AP347,01.12.2019 14:29,01.12.2019 14:29,330116.167,4690965.5,329525.838,4690200.2
10348,AP348,01.12.2019 14:29,01.12.2019 14:29,325913.005,4691603.2,330116.167,4690965.5
10349,AP349,01.12.2019 14:30,01.12.2019 14:30,330116.167,4690965.5,331610.204,4691038.5
10350,AP350,01.12.2019 14:31,01.12.2019 14:31,330116.167,4690965.5,328919.185,4689763.9
10351,AP351,01.12.2019 14:34,01.12.2019 14:34,330116.167,4690965.5,328864.49,4690835.2
10352,AP352,01.12.2019 14:34,01.12.2019 14:34,330116.167,4690965.5,328897.606,4690719.6
10353,AP353,01.12.2019 14:36,01.12.2019 14:36,330116.167,4690965.5,328864.49,4690835.2
10354,AP354,01.12.2019 14:38,01.12.2019 14:38,329525.838,4690200.2,330116.167,4690965.5
10355,AP355,01.12.2019 14:39,01.12.2019 14:39,330116.167,4690965.5,330155.854,4690633.1
10356,AP356,01.12.2019 14:45,01.12.2019 14:45,328897.606,4690719.6,330116.167,4690965.5
10357,AP357,01.12.2019 14:46,01.12.2019 14:46,328641.36,4690542.5,330116.167,4690965.5
10358,AP358,01.12.2019 14:47,01.12.2019 14:47,330116.167,4690965.5,326657.415,4689074.7
10359,AP359,01.12.2019 14:48,01.12.2019 14:48,330116.167,4690965.5,329142.722,4689445.4
10360,AP360,01.12.2019 14:49,01.12.2019 14:49,329525.838,4690200.2,330116.167,4690965.5
10361,AP361,01.12.2019 14:49,01.12.2019 14:49,330116.167,4690965.5,328919.185,4689763.9
10362,AP362,01.12.2019 14:50,01.12.2019 14:50,325472.47,4691000.1,330116.167,4690965.5
10363,AP363,01.12.2019 14:50,01.12.2019 14:50,328960.27,4690512.0,330116.167,4690965.5
10364,AP364,01.12.2019 14:51,01.12.2019 14:51,328619.3,4690347.7,330116.167,4690965.5
10365,AP365,01.12.2019 14:51,01.12.2019 14:51,328619.3,4690347.7,330116.167,4690965.5
10366,AP366,01.12.2019 14:53,01.12.2019 14:53,328960.27,4690512.0,330116.167,4690965.5
10367,AP367,01.12.2019 14:53,01.12.2019 14:53,330116.167,4690965.5,330519.1,4689886.0
10368,AP368,01.12.2019 14:54,01.12.2019 14:54,331513.04,4690840.38,330116.167,4690965.5
10369,AP369,01.12.2019 15:01,01.12.2019 15:01,330562.4,4691844.5,330116.167,4690965.5
10370,AP370,01.12.2019 15:02,01.12.2019 15:02,330116.167,4690965.5,328960.27,4690512.0
10371,AP371,01.12.2019 15:05,01.12.2019 15:05,330116.167,4690965.5,329285.36,4691333.2
10372,AP372,01.12.2019 15:05,01.12.2019 15:05,330116.167,4690965.5,328641.36,4690542.5
10373,AP373,01.12.2019 15:06,01.12.2019 15:06,326821.7,4692453.0,330116.167,4690965.5
10374,AP374,01.12.2019 15:06,01.12.2019 15:06,330116.167,4690965.5,325648.096,4688890.4
10375,AP375,01.12.2019 15:06,01.12.2019 15:06,330116.167,4690965.5,325648.096,4688890.4
10376,AP376,01.12.2019 15:09,01.12.2019 15:09,330116.167,4690965.5,328619.3,4690347.7
10377,AP377,01.12.2019 15:13,01.12.2019 15:13,330116.167,4690965.5,328641.36,4690542.5
10378,AP378,01.12.2019 15:16,01.12.2019 15:16,330155.854,4690633.1,330116.167,4690965.5
10379,AP379,01.12.2019 15:16,01.12.2019 15:16,330116.167,4690965.5,328919.185,4689763.9
10380,AP380,01.12.2019 15:16,01.12.2019 15:16,328864.49,4690835.2,330116.167,4690965.5
10381,AP381,01.12.2019 15:17,01.12.2019 15:17,328678.69,4692023.9,330116.167,4690965.5
10382,AP382,01.12.2019 15:18,01.12.2019 15:18,330116.167,4690965.5,331118.9,4692214.8
10383,AP383,01.12.2019 15:19,01.12.2019 15:19,330116.167,4690965.5,328864.49,4690835.2
10384,AP384,01.12.2019 15:19,01.12.2019 15:19,330116.167,4690965.5,330127.681,4690003.1
10385,AP385,01.12.2019 15:29,01.12.2019 15:29,330116.167,4690965.5,327089.5,4693481.3
10386,AP386,01.12.2019 15:30,01.12.2019 15:30,326726.11,4691403.3,330116.167,4690965.5
10387,AP387,01.12.2019 15:31,01.12.2019 15:31,329142.722,4689445.4,330116.167,4690965.5
10388,AP388,01.12.2019 15:33,01.12.2019 15:33,330116.167,4690965.5,328619.3,4690347.7
10389,AP389,01.12.2019 15:33,01.12.2019 15:33,330116.167,4690965.5,330127.681,4690003.1
10390,AP390,01.12.2019 15:34,01.12.2019 15:34,330116.167,4690965.5,327241.32,4690173.0
10391,AP391,01.12.2019 15:34,01.12.2019 15:34,330116.167,4690965.5,327241.32,4690173.0
10392,AP392,01.12.2019 15:36,01.12.2019 15:36,331062.8,4691776.0,330116.167,4690965.5
10393,AP393,01.12.2019 15:36,01.12.2019 15:36,331062.8,4691776.0,330116.167,4690965.5
10394,AP394,01.12.2019 15:39,01.12.2019 15:39,330688.69,4692107.4,330116.167,4690965.5
10395,AP395,01.12.2019 15:39,01.12.2019 15:39,328186.047,4690041.0,330116.167,4690965.5
10396,AP396,01.12.2019 15:40,01.12.2019 15:40,330116.167,4690965.5,330001.12,4690169.1
10397,AP397,01.12.2019 15:41,01.12.2019 15:41,330116.167,4690965.5,329437.881,4691913.5
10398,AP398,01.12.2019 15:41,01.12.2019 15:41,329525.838,4690200.2,330116.167,4690965.5
10399,AP399,01.12.2019 15:42,01.12.2019 15:42,328619.3,4690347.7,330116.167,4690965.5
10400,AP400,01.12.2019 15:44,01.12.2019 15:44,330116.167,4690965.5,331610.204,4691038.5
10401,AP401,01.12.2019 15:44,01.12.2019 15:44,330116.167,4690965.5,329525.838,4690200.2
10402,AP402,01.12.2019 15:46,01.12.2019 15:46,330116.167,4690965.5,326957.55,4689676.0
10403,AP403,01.12.2019 15:48,01.12.2019 15:48,330997.711,4691582.6,330116.167,4690965.5
10404,AP404,01.12.2019 15:49,01.12.2019 15:49,327241.32,4690173.0,330116.167,4690965.5
10405,AP405,01.12.2019 15:54,01.12.2019 15:54,330116.167,4690965.5,326955.276,4691839.0
10406,AP406,01.12.2019 15:57,01.12.2019 15:57,328641.36,4690542.5,330116.167,4690965.5
10407,AP407,01.12.2019 15:57,01.12.2019 15:57,328641.36,4690542.5,330116.167,4690965.5
10408,AP408,01.12.2019 15:57,01.12.2019 15:57,329525.838,4690200.2,330116.167,4690965.5
10409,AP409,01.12.2019 15:58,01.12.2019 15:58,330116.167,4690965.5,331312.951,4691022.0
10410,AP410,01.12.2019 15:59,01.12.2019 15:59,327618.05,4691658.9,330116.167,4690965.5
10411,AP411,01.12.2019 16:05,01.12.2019 16:05,330116.167,4690965.5,328542.91,4689685.4
10412,AP412,01.12.2019 16:05,01.12.2019 16:05,324671.85,4692365.0,330116.167,4690965.5
10413,AP413,01.12.2019 16:06,01.12.2019 16:06,324671.85,4692365.0,330116.167,4690965.5
10414,AP414,01.12.2019 16:07,01.12.2019 16:07,328973.349,4692476.5,330116.167,4690965.5
10415,AP415,01.12.2019 16:07,01.12.2019 16:07,330116.167,4690965.5,331115.57,4691467.3
10416,AP416,01.12.2019 16:08,01.12.2019 16:08,330116.167,4690965.5,326726.11,4691403.3
10417,AP417,01.12.2019 16:11,01.12.2019 16:11,330116.167,4690965.5,330386.12,4690842.0
10418,AP418,01.12.2019 16:20,01.12.2019 16:20,330116.167,4690965.5,328542.91,4689685.4
10419,AP419,01.12.2019 16:21,01.12.2019 16:21,330116.167,4690965.5,328864.49,4690835.2
10420,AP420,01.12.2019 16:22,01.12.2019 16:22,332897.69,4690056.2,330116.167,4690965.5
10421,AP421,01.12.2019 16:25,01.12.2019 16:25,331005.95,4689466.2,330116.167,4690965.5
10422,AP422,01.12.2019 16:26,01.12.2019 16:26,330001.12,4690169.1,330116.167,4690965.5
10423,AP423,01.12.2019 16:26,01.12.2019 16:26,328496.7,4692453.4,330116.167,4690965.5
10424,AP424,01.12.2019 16:26,01.12.2019 16:26,329576.97,4689773.2,330116.167,4690965.5
10425,AP425,01.12.2019 16:27,01.12.2019 16:27,328725.71,4690686.1,330116.167,4690965.5
10426,AP426,01.12.2019 16:29,01.12.2019 16:29,330116.167,4690965.5,327618.05,4691658.9
10427,AP427,01.12.2019 16:29,01.12.2019 16:29,330116.167,4690965.5,325569.74,4693395.0
10428,AP428,01.12.2019 16:30,01.12.2019 16:30,326821.7,4692453.0,330116.167,4690965.5
10429,AP429,01.12.2019 16:31,01.12.2019 16:31,329306.04,4690666.0,330116.167,4690965.5
10430,AP430,01.12.2019 16:33,01.12.2019 16:33,330116.167,4690965.5,328897.606,4690719.6
10431,AP431,01.12.2019 16:33,01.12.2019 16:33,330116.167,4690965.5,328864.49,4690835.2
10432,AP432,01.12.2019 16:34,01.12.2019 16:34,331427.095,4689106.1,330116.167,4690965.5
10433,AP433,01.12.2019 16:37,01.12.2019 16:37,328973.349,4692476.5,330116.167,4690965.5
10434,AP434,01.12.2019 16:37,01.12.2019 16:37,330116.167,4690965.5,330021.47,4692441.6
10435,AP435,01.12.2019 16:39,01.12.2019 16:39,331312.951,4691022.0,330116.167,4690965.5
10436,AP436,01.12.2019 16:39,01.12.2019 16:39,330997.711,4691582.6,330116.167,4690965.5
10437,AP437,01.12.2019 16:39,01.12.2019 16:39,332897.69,4690056.2,330116.167,4690965.5
10438,AP438,01.12.2019 16:42,01.12.2019 16:42,332897.69,4690056.2,330116.167,4690965.5
10439,AP439,01.12.2019 16:42,01.12.2019 16:42,330116.167,4690965.5,326726.11,4691403.3
10440,AP440,01.12.2019 16:42,01.12.2019 16:42,331513.04,4690840.38,330116.167,4690965.5
10441,AP441,01.12.2019 16:42,01.12.2019 16:42,330519.1,4689886.0,330116.167,4690965.5
10442,AP442,01.12.2019 16:44,01.12.2019 16:44,328641.36,4690542.5,330116.167,4690965.5
10443,AP443,01.12.2019 16:44,01.12.2019 16:44,330155.854,4690633.1,330116.167,4690965.5
10444,AP444,01.12.2019 16:44,01.12.2019 16:44,328973.349,4692476.5,330116.167,4690965.5
10445,AP445,01.12.2019 16:46,01.12.2019 16:46,330116.167,4690965.5,330211.075,4691438.1
10446,AP446,01.12.2019 16:48,01.12.2019 16:48,327257.43,4690683.8,330116.167,4690965.5
10447,AP447,01.12.2019 16:48,01.12.2019 16:48,331312.951,4691022.0,330116.167,4690965.5
10448,AP448,01.12.2019 16:49,01.12.2019 16:49,329576.97,4689773.2,330116.167,4690965.5
10449,AP449,01.12.2019 16:50,01.12.2019 16:50,326732.91,4691642.0,330116.167,4690965.5
10450,AP450,01.12.2019 16:50,01.12.2019 16:50,330997.711,4691582.6,330116.167,4690965.5
10451,AP451,01.12.2019 16:50,01.12.2019 16:50,328308.732,4692122.8,330116.167,4690965.5
10452,AP452,01.12.2019 16:50,01.12.2019 16:50,327618.05,4691658.9,330116.167,4690965.5
10453,AP453,01.12.2019 16:55,01.12.2019 16:55,330116.167,4690965.5,329707.29,4690995.37
10454,AP454,01.12.2019 16:56,01.12.2019 16:56,328641.36,4690542.5,330116.167,4690965.5
10455,AP455,01.12.2019 16:56,01.12.2019 16:56,330116.167,4690965.5,326623.67,4688997.1
10456,AP456,01.12.2019 17:00,01.12.2019 17:00,329437.881,4691913.5,330116.167,4690965.5
10457,AP457,01.12.2019 17:01,01.12.2019 17:01,330116.167,4690965.5,330702.9,4690925.3
10458,AP458,01.12.2019 17:01,01.12.2019 17:01,330116.167,4690965.5,328619.3,4690347.7
10459,AP459,01.12.2019 17:04,01.12.2019 17:04,330116.167,4690965.5,327488.102,4694058.9
10460,AP460,01.12.2019 17:05,01.12.2019 17:05,330116.167,4690965.5,329142.722,4689445.4
10461,AP461,01.12.2019 17:06,01.12.2019 17:06,330116.167,4690965.5,329139.34,4689893.8
10462,AP462,01.12.2019 17:06,01.12.2019 17:06,329142.722,4689445.4,330116.167,4690965.5
10463,AP463,01.12.2019 17:06,01.12.2019 17:06,329306.04,4690666.0,330116.167,4690965.5
10464,AP464,01.12.2019 17:07,01.12.2019 17:07,329142.722,4689445.4,330116.167,4690965.5
10465,AP465,01.12.2019 17:07,01.12.2019 17:07,329142.722,4689445.4,330116.167,4690965.5
10466,AP466,01.12.2019 17:07,01.12.2019 17:07,330155.854,4690633.1,330116.167,4690965.5
10467,AP467,01.12.2019 17:07,01.12.2019 17:07,328186.047,4690041.0,330116.167,4690965.5
10468,AP468,01.12.2019 17:09,01.12.2019 17:09,330116.167,4690965.5,331118.9,4692214.8
10469,AP469,01.12.2019 17:09,01.12.2019 17:09,328897.606,4690719.6,330116.167,4690965.5
10470,AP470,01.12.2019 17:10,01.12.2019 17:10,330116.167,4690965.5,325953.272,4693730.0
10471,AP471,01.12.2019 17:12,01.12.2019 17:12,330116.167,4690965.5,330001.12,4690169.1
10472,AP472,01.12.2019 17:14,01.12.2019 17:14,330702.9,4690925.3,330116.167,4690965.5
10473,AP473,01.12.2019 17:15,01.12.2019 17:15,330116.167,4690965.5,329139.34,4689893.8
10474,AP474,01.12.2019 17:16,01.12.2019 17:16,330116.167,4690965.5,328897.606,4690719.6
10475,AP475,01.12.2019 17:17,01.12.2019 17:17,328496.7,4692453.4,330116.167,4690965.5
10476,AP476,01.12.2019 17:17,01.12.2019 17:17,328541.31,4692242.0,330116.167,4690965.5
10477,AP477,01.12.2019 17:17,01.12.2019 17:17,328960.27,4690512.0,330116.167,4690965.5
10478,AP478,01.12.2019 17:19,01.12.2019 17:19,330116.167,4690965.5,327488.102,4694058.9
10479,AP479,01.12.2019 17:20,01.12.2019 17:20,330116.167,4690965.5,329306.04,4690666.0
10480,AP480,01.12.2019 17:20,01.12.2019 17:20,331118.9,4692214.8,330116.167,4690965.5
10481,AP481,01.12.2019 17:21,01.12.2019 17:21,330116.167,4690965.5,329142.722,4689445.4
10482,AP482,01.12.2019 17:25,01.12.2019 17:25,330116.167,4690965.5,330580.3,4692080.0
10483,AP483,01.12.2019 17:26,01.12.2019 17:26,332897.69,4690056.2,330116.167,4690965.5
10484,AP484,01.12.2019 17:26,01.12.2019 17:26,331513.04,4690840.38,330116.167,4690965.5
10485,AP485,01.12.2019 17:29,01.12.2019 17:29,322891.917,4690760.0,330116.167,4690965.5
10486,AP486,01.12.2019 17:29,01.12.2019 17:29,329923.52,4691948.2,330116.167,4690965.5
10487,AP487,01.12.2019 17:30,01.12.2019 17:30,328864.49,4690835.2,330116.167,4690965.5
10488,AP488,01.12.2019 17:31,01.12.2019 17:31,330116.167,4690965.5,328186.047,4690041.0
10489,AP489,01.12.2019 17:31,01.12.2019 17:31,328186.047,4690041.0,330116.167,4690965.5
10490,AP490,01.12.2019 17:32,01.12.2019 17:32,332897.69,4690056.2,330116.167,4690965.5
10491,AP491,01.12.2019 17:33,01.12.2019 17:33,330116.167,4690965.5,326584.59,4687114.0
10492,AP492,01.12.2019 17:34,01.12.2019 17:34,328725.71,4690686.1,330116.167,4690965.5
10493,AP493,01.12.2019 17:34,01.12.2019 17:34,332897.69,4690056.2,330116.167,4690965.5
10494,AP494,01.12.2019 17:34,01.12.2019 17:34,328725.71,4690686.1,330116.167,4690965.5
10495,AP495,01.12.2019 17:35,01.12.2019 17:35,332897.69,4690056.2,330116.167,4690965.5
10496,AP496,01.12.2019 17:36,01.12.2019 17:36,329437.881,4691913.5,330116.167,4690965.5
10497,AP497,01.12.2019 17:36,01.12.2019 17:36,330116.167,4690965.5,327488.102,4694058.9
10498,AP498,01.12.2019 17:36,01.12.2019 17:36,330116.167,4690965.5,327488.102,4694058.9
10499,AP499,01.12.2019 17:36,01.12.2019 17:36,329691.87,4690911.0,330116.167,4690965.5
10500,AP500,01.12.2019 17:36,01.12.2019 17:36,328725.71,4690686.1,330116.167,4690965.5
10501,AP501,01.12.2019 17:37,01.12.2019 17:37,330116.167,4690965.5,327488.102,4694058.9
10502,AP502,01.12.2019 17:37,01.12.2019 17:37,330702.9,4690925.3,330116.167,4690965.5
10503,AP503,01.12.2019 17:40,01.12.2019 17:40,332654.604,4690058.5,330116.167,4690965.5
10504,AP504,01.12.2019 17:41,01.12.2019 17:41,330116.167,4690965.5,329139.34,4689893.8
10505,AP505,01.12.2019 17:42,01.12.2019 17:42,331062.8,4691776.0,330116.167,4690965.5
10506,AP506,01.12.2019 17:43,01.12.2019 17:43,332897.69,4690056.2,330116.167,4690965.5
10507,AP507,01.12.2019 17:43,01.12.2019 17:43,330116.167,4690965.5,330549.6,4691678.49
10508,AP508,01.12.2019 17:44,01.12.2019 17:44,328960.27,4690512.0,330116.167,4690965.5
10509,AP509,01.12.2019 17:45,01.12.2019 17:45,326821.7,4692453.0,330116.167,4690965.5
10510,AP510,01.12.2019 17:46,01.12.2019 17:46,330001.12,4690169.1,330116.167,4690965.5
10511,AP511,01.12.2019 17:48,01.12.2019 17:48,330116.167,4690965.5,328542.91,4689685.4
10512,AP512,01.12.2019 17:49,01.12.2019 17:49,328897.606,4690719.6,330116.167,4690965.5
10513,AP513,01.12.2019 17:53,01.12.2019 17:53,330116.167,4690965.5,330904.495,4691196.4
10514,AP514,01.12.2019 17:55,01.12.2019 17:55,330116.167,4690965.5,326502.21,4694498.2
10515,AP515,01.12.2019 17:57,01.12.2019 17:57,328960.27,4690512.0,330116.167,4690965.5
10516,AP516,01.12.2019 17:59,01.12.2019 17:59,330116.167,4690965.5,329285.36,4691333.2
10517,AP517,01.12.2019 18:03,01.12.2019 18:03,328897.606,4690719.6,330116.167,4690965.5
10518,AP518,01.12.2019 18:04,01.12.2019 18:04,330116.167,4690965.5,326821.7,4692453.0
10519,AP519,01.12.2019 18:05,01.12.2019 18:05,330116.167,4690965.5,330366.364,4694072.0
10520,AP520,01.12.2019 18:05,01.12.2019 18:05,330116.167,4690965.5,328040.031,4692137.4
10521,AP521,01.12.2019 18:07,01.12.2019 18:07,330702.9,4690925.3,330116.167,4690965.5
10522,AP522,01.12.2019 18:09,01.12.2019 18:09,329437.881,4691913.5,330116.167,4690965.5
10523,AP523,01.12.2019 18:09,01.12.2019 18:09,330116.167,4690965.5,329865.828,4690542.38
10524,AP524,01.12.2019 18:13,01.12.2019 18:13,330116.167,4690965.5,329139.34,4689893.8
10525,AP525,01.12.2019 18:13,01.12.2019 18:13,328460.08,4692098.4,330116.167,4690965.5
10526,AP526,01.12.2019 18:13,01.12.2019 18:13,330116.167,4690965.5,330001.12,4690169.1
10527,AP527,01.12.2019 18:13,01.12.2019 18:13,330116.167,4690965.5,328529.27,4689502.7
10528,AP528,01.12.2019 18:13,01.12.2019 18:13,330116.167,4690965.5,329525.838,4690200.2
10529,AP529,01.12.2019 18:13,01.12.2019 18:13,330116.167,4690965.5,326502.21,4694498.2
10530,AP530,01.12.2019 18:13,01.12.2019 18:13,330116.167,4690965.5,328619.3,4690347.7
10531,AP531,01.12.2019 18:15,01.12.2019 18:15,330116.167,4690965.5,328897.606,4690719.6
10532,AP532,01.12.2019 18:16,01.12.2019 18:16,330116.167,4690965.5,330580.3,4692080.0
10533,AP533,01.12.2019 18:16,01.12.2019 18:16,329437.881,4691913.5,330116.167,4690965.5
10534,AP534,01.12.2019 18:16,01.12.2019 18:16,330116.167,4690965.5,331312.951,4691022.0
10535,AP535,01.12.2019 18:17,01.12.2019 18:17,330688.69,4692107.4,330116.167,4690965.5
10536,AP536,01.12.2019 18:18,01.12.2019 18:18,330116.167,4690965.5,328186.047,4690041.0
10537,AP537,01.12.2019 18:18,01.12.2019 18:18,328919.185,4689763.9,330116.167,4690965.5
10538,AP538,01.12.2019 18:19,01.12.2019 18:19,330116.167,4690965.5,328897.606,4690719.6
10539,AP539,01.12.2019 18:19,01.12.2019 18:19,330116.167,4690965.5,331051.57,4688478.7
10540,AP540,01.12.2019 18:20,01.12.2019 18:20,330702.9,4690925.3,330116.167,4690965.5
10541,AP541,01.12.2019 18:21,01.12.2019 18:21,326955.276,4691839.0,330116.167,4690965.5
10542,AP542,01.12.2019 18:24,01.12.2019 18:24,330116.167,4690965.5,328529.27,4689502.7
10543,AP543,01.12.2019 18:29,01.12.2019 18:29,330116.167,4690965.5,330997.711,4691582.6
10544,AP544,01.12.2019 18:30,01.12.2019 18:30,330702.9,4690925.3,330116.167,4690965.5
10545,AP545,01.12.2019 18:30,01.12.2019 18:30,330116.167,4690965.5,330519.1,4689886.0
10546,AP546,01.12.2019 18:31,01.12.2019 18:31,329525.838,4690200.2,330116.167,4690965.5
10547,AP547,01.12.2019 18:31,01.12.2019 18:31,328040.031,4692137.4,330116.167,4690965.5
10548,AP548,01.12.2019 18:31,01.12.2019 18:31,330116.167,4690965.5,329142.722,4689445.4
10549,AP549,01.12.2019 18:32,01.12.2019 18:32,329306.04,4690666.0,330116.167,4690965.5
10550,AP550,01.12.2019 18:32,01.12.2019 18:32,328919.185,4689763.9,330116.167,4690965.5
10551,AP551,01.12.2019 18:36,01.12.2019 18:36,330116.167,4690965.5,329525.838,4690200.2
10552,AP552,01.12.2019 18:36,01.12.2019 18:36,329458.752,4692679.4,330116.167,4690965.5
10553,AP553,01.12.2019 18:37,01.12.2019 18:37,330116.167,4690965.5,331312.951,4691022.0
10554,AP554,01.12.2019 18:40,01.12.2019 18:40,330781.882,4687392.0,330116.167,4690965.5
10555,AP555,01.12.2019 18:42,01.12.2019 18:42,331312.951,4691022.0,330116.167,4690965.5
10556,AP556,01.12.2019 18:42,01.12.2019 18:42,331312.951,4691022.0,330116.167,4690965.5
10557,AP557,01.12.2019 18:42,01.12.2019 18:42,330702.9,4690925.3,330116.167,4690965.5
10558,AP558,01.12.2019 18:43,01.12.2019 18:43,330116.167,4690965.5,329525.838,4690200.2
10559,AP559,01.12.2019 18:44,01.12.2019 18:44,330116.167,4690965.5,328725.71,4690686.1
10560,AP560,01.12.2019 18:46,01.12.2019 18:46,330116.167,4690965.5,325288.59,4690988.0
10561,AP561,01.12.2019 18:46,01.12.2019 18:46,330116.167,4690965.5,328542.91,4689685.4
10562,AP562,01.12.2019 18:47,01.12.2019 18:47,330116.167,4690965.5,327677.48,4687584.0
10563,AP563,01.12.2019 18:47,01.12.2019 18:47,327764.59,4692563.9,330116.167,4690965.5
10564,AP564,01.12.2019 18:48,01.12.2019 18:48,331005.95,4689466.2,330116.167,4690965.5
10565,AP565,01.12.2019 18:49,01.12.2019 18:49,328309.728,4688502.3,330116.167,4690965.5
10566,AP566,01.12.2019 18:49,01.12.2019 18:49,328460.08,4692098.4,330116.167,4690965.5
10567,AP567,01.12.2019 18:50,01.12.2019 18:50,330116.167,4690965.5,330127.681,4690003.1
10568,AP568,01.12.2019 18:52,01.12.2019 18:52,327241.32,4690173.0,330116.167,4690965.5
10569,AP569,01.12.2019 18:54,01.12.2019 18:54,330702.9,4690925.3,330116.167,4690965.5
10570,AP570,01.12.2019 18:56,01.12.2019 18:56,330116.167,4690965.5,329285.36,4691333.2
10571,AP571,01.12.2019 18:56,01.12.2019 18:56,330116.167,4690965.5,329139.34,4689893.8
10572,AP572,01.12.2019 18:56,01.12.2019 18:56,330116.167,4690965.5,328619.3,4690347.7
10573,AP573,01.12.2019 18:57,01.12.2019 18:57,329142.722,4689445.4,330116.167,4690965.5
10574,AP574,01.12.2019 18:58,01.12.2019 18:58,329437.881,4691913.5,330116.167,4690965.5
10575,AP575,01.12.2019 18:59,01.12.2019 18:59,330116.167,4690965.5,330997.711,4691582.6
10576,AP576,01.12.2019 18:59,01.12.2019 18:59,330211.075,4691438.1,330116.167,4690965.5
10577,AP577,01.12.2019 18:59,01.12.2019 18:59,329707.29,4690995.37,330116.167,4690965.5
10578,AP578,01.12.2019 19:00,01.12.2019 19:00,328641.36,4690542.5,330116.167,4690965.5
10579,AP579,01.12.2019 19:00,01.12.2019 19:00,330116.167,4690965.5,331312.951,4691022.0
10580,AP580,01.12.2019 19:00,01.12.2019 19:00,327257.43,4690683.8,330116.167,4690965.5
10581,AP581,01.12.2019 19:01,01.12.2019 19:01,328897.606,4690719.6,330116.167,4690965.5
10582,AP582,01.12.2019 19:01,01.12.2019 19:01,330116.167,4690965.5,329923.52,4691948.2
10583,AP583,01.12.2019 19:02,01.12.2019 19:02,330116.167,4690965.5,330997.711,4691582.6
10584,AP584,01.12.2019 19:02,01.12.2019 19:02,330116.167,4690965.5,330211.075,4691438.1
10585,AP585,01.12.2019 19:03,01.12.2019 19:03,331427.095,4689106.1,330116.167,4690965.5
10586,AP586,01.12.2019 19:03,01.12.2019 19:03,328541.31,4692242.0,330116.167,4690965.5
10587,AP587,01.12.2019 19:06,01.12.2019 19:06,330116.167,4690965.5,330056.78,4690243.9
10588,AP588,01.12.2019 19:06,01.12.2019 19:06,330116.167,4690965.5,328725.71,4690686.1
10589,AP589,01.12.2019 19:07,01.12.2019 19:07,329576.97,4689773.2,330116.167,4690965.5
10590,AP590,01.12.2019 19:07,01.12.2019 19:07,330116.167,4690965.5,331513.04,4690840.38
10591,AP591,01.12.2019 19:07,01.12.2019 19:07,331312.951,4691022.0,330116.167,4690965.5
10592,AP592,01.12.2019 19:07,01.12.2019 19:07,330116.167,4690965.5,326955.276,4691839.0
10593,AP593,01.12.2019 19:08,01.12.2019 19:08,328960.27,4690512.0,330116.167,4690965.5
10594,AP594,01.12.2019 19:10,01.12.2019 19:10,330116.167,4690965.5,328919.185,4689763.9
10595,AP595,01.12.2019 19:12,01.12.2019 19:12,330116.167,4690965.5,325569.74,4693395.0
10596,AP596,01.12.2019 19:13,01.12.2019 19:13,330116.167,4690965.5,328919.185,4689763.9
10597,AP597,01.12.2019 19:14,01.12.2019 19:14,330116.167,4690965.5,330056.78,4690243.9
10598,AP598,01.12.2019 19:15,01.12.2019 19:15,330116.167,4690965.5,328725.71,4690686.1
10599,AP599,01.12.2019 19:16,01.12.2019 19:16,328186.047,4690041.0,330116.167,4690965.5
10600,AP600,01.12.2019 19:18,01.12.2019 19:18,330116.167,4690965.5,328897.606,4690719.6
10601,AP601,01.12.2019 19:19,01.12.2019 19:19,330116.167,4690965.5,329437.881,4691913.5
10602,AP602,01.12.2019 19:20,01.12.2019 19:20,331513.04,4690840.38,330116.167,4690965.5
10603,AP603,01.12.2019 19:21,01.12.2019 19:21,328186.047,4690041.0,330116.167,4690965.5
10604,AP604,01.12.2019 19:28,01.12.2019 19:28,327257.43,4690683.8,330116.167,4690965.5
10605,AP605,01.12.2019 19:31,01.12.2019 19:31,330116.167,4690965.5,329142.722,4689445.4
10606,AP606,01.12.2019 19:33,01.12.2019 19:33,330116.167,4690965.5,330366.364,4694072.0
10607,AP607,01.12.2019 19:39,01.12.2019 19:39,330116.167,4690965.5,330822.422,4693361.2
10608,AP608,01.12.2019 19:40,01.12.2019 19:40,330116.167,4690965.5,328537.614,4688827.2
10609,AP609,01.12.2019 19:41,01.12.2019 19:41,330116.167,4690965.5,330056.78,4690243.9
10610,AP610,01.12.2019 19:43,01.12.2019 19:43,331622.44,4690826.1,330116.167,4690965.5
10611,AP611,01.12.2019 19:43,01.12.2019 19:43,330116.167,4690965.5,330001.12,4690169.1
10612,AP612,01.12.2019 19:44,01.12.2019 19:44,330116.167,4690965.5,329815.423,4690832.5
10613,AP613,01.12.2019 19:45,01.12.2019 19:45,330116.167,4690965.5,326821.7,4692453.0
10614,AP614,01.12.2019 19:53,01.12.2019 19:53,325379.68,4693395.6,330116.167,4690965.5
10615,AP615,01.12.2019 19:56,01.12.2019 19:56,331610.204,4691038.5,330116.167,4690965.5
10616,AP616,01.12.2019 19:56,01.12.2019 19:56,330116.167,4690965.5,330366.364,4694072.0
10617,AP617,01.12.2019 20:04,01.12.2019 20:04,330116.167,4690965.5,329142.722,4689445.4
10618,AP618,01.12.2019 20:06,01.12.2019 20:06,330067.99,4691252.2,330116.167,4690965.5
10619,AP619,01.12.2019 20:07,01.12.2019 20:07,330116.167,4690965.5,331115.57,4691467.3
10620,AP620,01.12.2019 20:08,01.12.2019 20:08,330116.167,4690965.5,330067.99,4691252.2
10621,AP621,01.12.2019 20:12,01.12.2019 20:12,329024.98,4693021.8,330116.167,4690965.5
10622,AP622,01.12.2019 20:20,01.12.2019 20:20,330116.167,4690965.5,328960.27,4690512.0
10623,AP623,01.12.2019 20:20,01.12.2019 20:20,330116.167,4690965.5,327677.48,4687584.0
10624,AP624,01.12.2019 20:25,01.12.2019 20:25,330116.167,4690965.5,330056.78,4690243.9
10625,AP625,01.12.2019 20:29,01.12.2019 20:29,330116.167,4690965.5,330056.78,4690243.9
10626,AP626,01.12.2019 20:33,01.12.2019 20:33,330116.167,4690965.5,330001.12,4690169.1
10627,AP627,01.12.2019 20:36,01.12.2019 20:36,329139.34,4689893.8,330116.167,4690965.5
10628,AP628,01.12.2019 20:37,01.12.2019 20:37,330116.167,4690965.5,329142.722,4689445.4
10629,AP629,01.12.2019 20:37,01.12.2019 20:37,330116.167,4690965.5,328919.185,4689763.9
10630,AP630,01.12.2019 20:37,01.12.2019 20:37,330116.167,4690965.5,329576.97,4689773.2
10631,AP631,01.12.2019 20:38,01.12.2019 20:38,329139.34,4689893.8,330116.167,4690965.5
10632,AP632,01.12.2019 20:38,01.12.2019 20:38,330116.167,4690965.5,327790.23,4688472.9
10633,AP633,01.12.2019 20:39,01.12.2019 20:39,329139.34,4689893.8,330116.167,4690965.5
10634,AP634,01.12.2019 20:41,01.12.2019 20:41,330116.167,4690965.5,327797.24,4692102.4
10635,AP635,01.12.2019 20:41,01.12.2019 20:41,330116.167,4690965.5,328040.031,4692137.4
10636,AP636,01.12.2019 20:42,01.12.2019 20:42,330116.167,4690965.5,330001.12,4690169.1
10637,AP637,01.12.2019 20:46,01.12.2019 20:46,327338.34,4692027.8,330116.167,4690965.5
10638,AP638,01.12.2019 20:47,01.12.2019 20:47,330116.167,4690965.5,331051.57,4688478.7
10639,AP639,01.12.2019 20:48,01.12.2019 20:48,325294.974,4693285.1,330116.167,4690965.5
10640,AP640,01.12.2019 20:48,01.12.2019 20:48,330116.167,4690965.5,326821.7,4692453.0
10641,AP641,01.12.2019 20:52,01.12.2019 20:52,330116.167,4690965.5,330001.12,4690169.1
10642,AP642,01.12.2019 20:53,01.12.2019 20:53,330116.167,4690965.5,330562.4,4691844.5
10643,AP643,01.12.2019 20:55,01.12.2019 20:55,330116.167,4690965.5,330365.093,4693119.3
10644,AP644,01.12.2019 21:00,01.12.2019 21:00,328186.047,4690041.0,330116.167,4690965.5
10645,AP645,01.12.2019 21:04,01.12.2019 21:04,329139.34,4689893.8,330116.167,4690965.5
10646,AP646,01.12.2019 21:06,01.12.2019 21:06,325379.68,4693395.6,330116.167,4690965.5
10647,AP647,01.12.2019 21:07,01.12.2019 21:07,330116.167,4690965.5,328919.185,4689763.9
10648,AP648,01.12.2019 21:08,01.12.2019 21:08,330116.167,4690965.5,331051.57,4688478.7
10649,AP649,01.12.2019 21:09,01.12.2019 21:09,326354.842,4690835.2,330116.167,4690965.5
10650,AP650,01.12.2019 21:10,01.12.2019 21:10,330116.167,4690965.5,329865.828,4690542.38
10651,AP651,01.12.2019 21:14,01.12.2019 21:14,330116.167,4690965.5,330056.78,4690243.9
10652,AP652,01.12.2019 21:15,01.12.2019 21:15,330116.167,4690965.5,330365.093,4693119.3
10653,AP653,01.12.2019 21:18,01.12.2019 21:18,330977.34,4687381.6,330116.167,4690965.5
10654,AP654,01.12.2019 21:20,01.12.2019 21:20,324544.55,4690783.1,330116.167,4690965.5
10655,AP655,01.12.2019 21:20,01.12.2019 21:20,328619.3,4690347.7,330116.167,4690965.5
10656,AP656,01.12.2019 21:20,01.12.2019 21:20,330116.167,4690965.5,329142.722,4689445.4
10657,AP657,01.12.2019 21:21,01.12.2019 21:21,328919.185,4689763.9,330116.167,4690965.5
10658,AP658,01.12.2019 21:21,01.12.2019 21:21,330116.167,4690965.5,330001.12,4690169.1
10659,AP659,01.12.2019 21:22,01.12.2019 21:22,327065.32,4692177.9,330116.167,4690965.5
10660,AP660,01.12.2019 21:24,01.12.2019 21:24,330116.167,4690965.5,328537.614,4688827.2
10661,AP661,01.12.2019 21:29,01.12.2019 21:29,330702.9,4690925.3,330116.167,4690965.5
10662,AP662,01.12.2019 21:30,01.12.2019 21:30,330116.167,4690965.5,329707.29,4690995.37
10663,AP663,01.12.2019 21:34,01.12.2019 21:34,330116.167,4690965.5,328725.71,4690686.1
10664,AP664,01.12.2019 21:36,01.12.2019 21:36,330116.167,4690965.5,328529.27,4689502.7
10665,AP665,01.12.2019 21:38,01.12.2019 21:38,330116.167,4690965.5,329707.29,4690995.37
10666,AP666,01.12.2019 21:40,01.12.2019 21:40,330116.167,4690965.5,329437.881,4691913.5
10667,AP667,01.12.2019 21:41,01.12.2019 21:41,330116.167,4690965.5,328381.933,4689779.7
10668,AP668,01.12.2019 21:44,01.12.2019 21:44,330116.167,4690965.5,329139.34,4689893.8
10669,AP669,01.12.2019 21:45,01.12.2019 21:45,330116.167,4690965.5,331051.57,4688478.7
10670,AP670,01.12.2019 21:46,01.12.2019 21:46,330116.167,4690965.5,328721.78,4689076.2
10671,AP671,01.12.2019 21:49,01.12.2019 21:49,330116.167,4690965.5,328641.36,4690542.5
10672,AP672,01.12.2019 21:49,01.12.2019 21:49,330116.167,4690965.5,329285.36,4691333.2
10673,AP673,01.12.2019 21:50,01.12.2019 21:50,330211.075,4691438.1,330116.167,4690965.5
10674,AP674,01.12.2019 21:51,01.12.2019 21:51,330116.167,4690965.5,331312.951,4691022.0
10675,AP675,01.12.2019 21:59,01.12.2019 21:59,330116.167,4690965.5,328542.91,4689685.4
10676,AP676,01.12.2019 22:01,01.12.2019 22:01,330116.167,4690965.5,327764.59,4692563.9
10677,AP677,01.12.2019 22:06,01.12.2019 22:06,330116.167,4690965.5,326789.32,4694224.0
10678,AP678,01.12.2019 22:15,01.12.2019 22:15,330116.167,4690965.5,325050.39,4692348.4
10679,AP679,01.12.2019 22:33,01.12.2019 22:33,329865.828,4690542.38,330116.167,4690965.5
10680,AP680,01.12.2019 22:34,01.12.2019 22:34,330116.167,4690965.5,327065.32,4692177.9
10681,AP681,01.12.2019 22:34,01.12.2019 22:34,330116.167,4690965.5,327065.32,4692177.9
10682,AP682,01.12.2019 22:40,01.12.2019 22:40,328097.043,4692268.6,330116.167,4690965.5
10683,AP683,01.12.2019 22:47,01.12.2019 22:47,330116.167,4690965.5,330211.075,4691438.1
10684,AP684,01.12.2019 22:49,01.12.2019 22:49,330116.167,4690965.5,331118.9,4692214.8
10685,AP685,01.12.2019 22:51,01.12.2019 22:51,330116.167,4690965.5,326957.55,4689676.0
10686,AP686,01.12.2019 22:56,01.12.2019 22:56,328960.27,4690512.0,330116.167,4690965.5
10687,AP687,01.12.2019 22:58,01.12.2019 22:58,330116.167,4690965.5,330386.12,4690842.0
10688,AP688,01.12.2019 23:01,01.12.2019 23:01,330116.167,4690965.5,327241.32,4690173.0
10689,AP689,01.12.2019 23:04,01.12.2019 23:04,330116.167,4690965.5,330562.4,4691844.5
10690,AP690,01.12.2019 23:09,01.12.2019 23:09,330155.854,4690633.1,330116.167,4690965.5
10691,AP691,01.12.2019 23:18,01.12.2019 23:18,330116.167,4690965.5,330211.075,4691438.1
10692,AP692,01.12.2019 23:25,01.12.2019 23:25,330116.167,4690965.5,328529.27,4689502.7
10693,AP693,01.12.2019 23:30,01.12.2019 23:30,330621.26,4691012.9,330116.167,4690965.5
10694,AP694,01.12.2019 23:42,01.12.2019 23:42,330116.167,4690965.5,328919.185,4689763.9
