customerID;jobID;bookingTime;vaTime;startX;startY;endX;endY
10001;AP1;01.12.2019 00:03;01.12.2019 00:03;331062.8;4691776;327025.37;4692269.6
10008;AP8;01.12.2019 00:10;01.12.2019 00:10;327987.72;4689221.5;327091.95;4689281.4
10016;AP16;01.12.2019 00:17;01.12.2019 00:17;330389.01;4691780.43;327381.91;4688674.1
10018;AP18;01.12.2019 00:23;01.12.2019 00:23;327091.95;4689281.4;326949.76;4687767.8
10021;AP21;01.12.2019 00:27;01.12.2019 00:27;326729.433;4693092.3;327381.91;4688674.1
10023;AP23;01.12.2019 00:28;01.12.2019 00:28;328960.27;4690512;328529.27;4689502.7
10025;AP25;01.12.2019 00:32;01.12.2019 00:32;327764.59;4692563.9;327987.72;4689221.5
10032;AP32;01.12.2019 00:42;01.12.2019 00:42;329245.807;4683759.4;329816.162;4683560
10039;AP39;01.12.2019 00:52;01.12.2019 00:52;327014.51;4690478.8;327790.23;4688472.9
10046;AP46;01.12.2019 01:07;01.12.2019 01:07;331005.95;4689466.2;330519.1;4689886
10055;AP55;01.12.2019 01:19;01.12.2019 01:19;329306.04;4690666;329731.967;4688107.2
10057;AP57;01.12.2019 01:20;01.12.2019 01:20;328897.606;4690719.6;328960.27;4690512
10063;AP63;01.12.2019 01:25;01.12.2019 01:25;331632.33;4690082.6;329731.967;4688107.2
10068;AP68;01.12.2019 01:36;01.12.2019 01:36;329865.828;4690542.38;327987.72;4689221.5
10077;AP77;01.12.2019 01:57;01.12.2019 01:57;327987.72;4689221.5;327091.95;4689281.4
10100;AP100;01.12.2019 03:55;01.12.2019 03:55;323738.646;4690673.1;327014.51;4690478.8
10110;AP110;01.12.2019 04:38;01.12.2019 04:38;326076.78;4688308.6;328960.27;4690512
10111;AP111;01.12.2019 04:39;01.12.2019 04:39;326076.78;4688308.6;328960.27;4690512
10126;AP126;01.12.2019 05:14;01.12.2019 05:14;327790.23;4688472.9;329731.967;4688107.2
10123;AP123;01.12.2019 05:14;01.12.2019 05:14;328395.4;4687170.31;327987.72;4689221.5
10124;AP124;01.12.2019 05:14;01.12.2019 05:14;327790.23;4688472.9;329731.967;4688107.2
10127;AP127;01.12.2019 05:15;01.12.2019 05:15;327790.23;4688472.9;329731.967;4688107.2
10129;AP129;01.12.2019 05:18;01.12.2019 05:18;330019.85;4693544.9;330116.167;4690965.5
10131;AP131;01.12.2019 05:23;01.12.2019 05:23;331427.095;4689106.1;330519.1;4689886
10135;AP135;01.12.2019 05:35;01.12.2019 05:35;329142.722;4689445.4;328960.27;4690512
10141;AP141;01.12.2019 05:38;01.12.2019 05:38;329142.722;4689445.4;328960.27;4690512
10143;AP143;01.12.2019 05:38;01.12.2019 05:38;328542.91;4689685.4;330116.167;4690965.5
10145;AP145;01.12.2019 05:39;01.12.2019 05:39;326147.22;4687658.1;326949.76;4687767.8
10148;AP148;01.12.2019 05:40;01.12.2019 05:40;328395.4;4687170.31;330116.167;4690965.5
10154;AP154;01.12.2019 05:52;01.12.2019 05:52;331005.95;4689466.2;330519.1;4689886
10159;AP159;01.12.2019 05:55;01.12.2019 05:55;328919.185;4689763.9;328960.27;4690512
10157;AP157;01.12.2019 05:55;01.12.2019 05:55;328864.49;4690835.2;330116.167;4690965.5
10164;AP164;01.12.2019 05:58;01.12.2019 05:58;328919.185;4689763.9;328960.27;4690512
10162;AP162;01.12.2019 05:58;01.12.2019 05:58;328919.185;4689763.9;328960.27;4690512
10165;AP165;01.12.2019 05:59;01.12.2019 05:59;329359.54;4693105.7;327014.51;4690478.8
10168;AP168;01.12.2019 06:03;01.12.2019 06:03;326147.22;4687658.1;326949.76;4687767.8
10179;AP179;01.12.2019 06:12;01.12.2019 06:12;328395.4;4687170.31;327987.72;4689221.5
10182;AP182;01.12.2019 06:13;01.12.2019 06:13;328919.185;4689763.9;328960.27;4690512
10201;AP201;01.12.2019 06:21;01.12.2019 06:21;329731.967;4688107.2;326765.42;4689381.9
10202;AP202;01.12.2019 06:22;01.12.2019 06:22;326949.76;4687767.8;326147.22;4687658.1
10225;AP225;01.12.2019 06:31;01.12.2019 06:31;327566.224;4686293.2;326584.59;4687114
10234;AP234;01.12.2019 06:33;01.12.2019 06:33;329245.807;4683759.4;329702.7;4684365.6
10242;AP242;01.12.2019 06:37;01.12.2019 06:37;327381.91;4688674.1;328619.3;4690347.7
10245;AP245;01.12.2019 06:38;01.12.2019 06:38;327381.91;4688674.1;328619.3;4690347.7
10252;AP252;01.12.2019 06:39;01.12.2019 06:39;329731.967;4688107.2;326765.42;4689381.9
10274;AP274;01.12.2019 06:49;01.12.2019 06:49;331062.8;4691776;332654.604;4690058.5
10269;AP269;01.12.2019 06:49;01.12.2019 06:49;328186.047;4690041;327014.51;4690478.8
10278;AP278;01.12.2019 06:51;01.12.2019 06:51;327014.51;4690478.8;326468.97;4689523.9
10286;AP286;01.12.2019 06:54;01.12.2019 06:54;328960.27;4690512;327338.34;4692027.8
10291;AP291;01.12.2019 06:55;01.12.2019 06:55;327987.72;4689221.5;327338.34;4692027.8
10322;AP322;01.12.2019 07:07;01.12.2019 07:07;328960.27;4690512;329142.722;4689445.4
10332;AP332;01.12.2019 07:09;01.12.2019 07:09;331062.8;4691776;331622.44;4690826.1
10338;AP338;01.12.2019 07:10;01.12.2019 07:10;330519.1;4689886;332897.69;4690056.2
10335;AP335;01.12.2019 07:10;01.12.2019 07:10;326322.517;4686410.8;330621.26;4691012.9
10347;AP347;01.12.2019 07:13;01.12.2019 07:13;330019.85;4693544.9;330977.34;4687381.6
10349;AP349;01.12.2019 07:14;01.12.2019 07:14;331062.8;4691776;331622.44;4690826.1
10355;AP355;01.12.2019 07:17;01.12.2019 07:17;326949.76;4687767.8;326765.42;4689381.9
10359;AP359;01.12.2019 07:17;01.12.2019 07:17;326949.76;4687767.8;326765.42;4689381.9
10360;AP360;01.12.2019 07:17;01.12.2019 07:17;326584.59;4687114;326957.55;4689676
10363;AP363;01.12.2019 07:17;01.12.2019 07:17;330519.1;4689886;331312.951;4691022
10366;AP366;01.12.2019 07:18;01.12.2019 07:18;328960.27;4690512;325569.79;4692394.5
10365;AP365;01.12.2019 07:18;01.12.2019 07:18;325651.61;4686258.1;326322.517;4686410.8
10371;AP371;01.12.2019 07:19;01.12.2019 07:19;327054.145;4686960.91;326584.59;4687114
10375;AP375;01.12.2019 07:20;01.12.2019 07:20;327381.91;4688674.1;326657.415;4689074.7
10378;AP378;01.12.2019 07:21;01.12.2019 07:21;330977.34;4687381.6;331115.57;4691467.3
10383;AP383;01.12.2019 07:22;01.12.2019 07:22;331062.8;4691776;332654.604;4690058.5
10381;AP381;01.12.2019 07:22;01.12.2019 07:22;327987.72;4689221.5;329142.722;4689445.4
10389;AP389;01.12.2019 07:24;01.12.2019 07:24;324544.55;4690783.1;329731.967;4688107.2
10392;AP392;01.12.2019 07:25;01.12.2019 07:25;328960.27;4690512;330001.12;4690169.1
10396;AP396;01.12.2019 07:25;01.12.2019 07:25;328960.27;4690512;327338.34;4692027.8
10405;AP405;01.12.2019 07:27;01.12.2019 07:27;330021.47;4692441.6;327987.72;4689221.5
10412;AP412;01.12.2019 07:28;01.12.2019 07:28;328960.27;4690512;329437.881;4691913.5
10417;AP417;01.12.2019 07:29;01.12.2019 07:29;331062.8;4691776;331622.44;4690826.1
10420;AP420;01.12.2019 07:30;01.12.2019 07:30;330116.167;4690965.5;331622.44;4690826.1
10440;AP440;01.12.2019 07:33;01.12.2019 07:33;328960.27;4690512;326732.91;4691642
10446;AP446;01.12.2019 07:34;01.12.2019 07:34;328529.27;4689502.7;328960.27;4690512
10449;AP449;01.12.2019 07:34;01.12.2019 07:34;329437.881;4691913.5;328960.27;4690512
10442;AP442;01.12.2019 07:34;01.12.2019 07:34;328960.27;4690512;329142.722;4689445.4
10447;AP447;01.12.2019 07:34;01.12.2019 07:34;328960.27;4690512;326955.276;4691839
10458;AP458;01.12.2019 07:35;01.12.2019 07:35;328960.27;4690512;326955.276;4691839
10465;AP465;01.12.2019 07:36;01.12.2019 07:36;327014.51;4690478.8;325676.841;4692939.3
10471;AP471;01.12.2019 07:37;01.12.2019 07:37;326584.59;4687114;326284.37;4685962.9
10467;AP467;01.12.2019 07:37;01.12.2019 07:37;326623.67;4688997.1;327987.72;4689221.5
10470;AP470;01.12.2019 07:37;01.12.2019 07:37;330021.47;4692441.6;327987.72;4689221.5
10480;AP480;01.12.2019 07:38;01.12.2019 07:38;327381.91;4688674.1;328186.047;4690041
10479;AP479;01.12.2019 07:38;01.12.2019 07:38;328960.27;4690512;328097.043;4692268.6
10485;AP485;01.12.2019 07:38;01.12.2019 07:38;328919.185;4689763.9;328960.27;4690512
10482;AP482;01.12.2019 07:38;01.12.2019 07:38;328960.27;4690512;326628.21;4692608.5
10487;AP487;01.12.2019 07:38;01.12.2019 07:38;327987.72;4689221.5;327338.34;4692027.8
10493;AP493;01.12.2019 07:39;01.12.2019 07:39;330021.47;4692441.6;327014.51;4690478.8
10503;AP503;01.12.2019 07:40;01.12.2019 07:40;330021.47;4692441.6;327014.51;4690478.8
10508;AP508;01.12.2019 07:41;01.12.2019 07:41;328542.91;4689685.4;328960.27;4690512
10513;AP513;01.12.2019 07:42;01.12.2019 07:42;330116.167;4690965.5;328460.08;4692098.4
10514;AP514;01.12.2019 07:43;01.12.2019 07:43;330116.167;4690965.5;329525.838;4690200.2
10537;AP537;01.12.2019 07:45;01.12.2019 07:45;328721.78;4689076.2;327987.72;4689221.5
10535;AP535;01.12.2019 07:45;01.12.2019 07:45;330116.167;4690965.5;330923.47;4690026.9
10543;AP543;01.12.2019 07:46;01.12.2019 07:46;330116.167;4690965.5;330211.075;4691438.1
10557;AP557;01.12.2019 07:49;01.12.2019 07:49;330001.12;4690169.1;328960.27;4690512
10559;AP559;01.12.2019 07:50;01.12.2019 07:50;326076.78;4688308.6;326584.59;4687114
10558;AP558;01.12.2019 07:50;01.12.2019 07:50;329576.97;4689773.2;330116.167;4690965.5
10570;AP570;01.12.2019 07:51;01.12.2019 07:51;329702.7;4684365.6;330389.01;4691780.43
10564;AP564;01.12.2019 07:51;01.12.2019 07:51;330116.167;4690965.5;329142.722;4689445.4
10583;AP583;01.12.2019 07:53;01.12.2019 07:53;331062.8;4691776;330621.26;4691012.9
10585;AP585;01.12.2019 07:54;01.12.2019 07:54;330021.47;4692441.6;327987.72;4689221.5
10589;AP589;01.12.2019 07:55;01.12.2019 07:55;326584.59;4687114;328619.3;4690347.7
10592;AP592;01.12.2019 07:56;01.12.2019 07:56;329702.7;4684365.6;330389.01;4691780.43
10594;AP594;01.12.2019 07:57;01.12.2019 07:57;330021.47;4692441.6;328960.27;4690512
10598;AP598;01.12.2019 07:57;01.12.2019 07:57;326949.76;4687767.8;329139.34;4689893.8
10616;AP616;01.12.2019 07:59;01.12.2019 07:59;327987.72;4689221.5;326732.91;4691642
10612;AP612;01.12.2019 07:59;01.12.2019 07:59;331632.33;4690082.6;328960.27;4690512
10614;AP614;01.12.2019 07:59;01.12.2019 07:59;327987.72;4689221.5;328097.043;4692268.6
10618;AP618;01.12.2019 08:00;01.12.2019 08:00;331062.8;4691776;331622.44;4690826.1
10624;AP624;01.12.2019 08:01;01.12.2019 08:01;326147.22;4687658.1;326949.76;4687767.8
10627;AP627;01.12.2019 08:01;01.12.2019 08:01;328309.728;4688502.3;327014.51;4690478.8
10640;AP640;01.12.2019 08:02;01.12.2019 08:02;324714.717;4691972.5;327014.51;4690478.8
10634;AP634;01.12.2019 08:02;01.12.2019 08:02;326322.517;4686410.8;328186.047;4690041
10647;AP647;01.12.2019 08:03;01.12.2019 08:03;326147.22;4687658.1;326949.76;4687767.8
10646;AP646;01.12.2019 08:03;01.12.2019 08:03;327014.51;4690478.8;328204.95;4692532
10649;AP649;01.12.2019 08:03;01.12.2019 08:03;328919.185;4689763.9;328960.27;4690512
10652;AP652;01.12.2019 08:04;01.12.2019 08:04;328960.27;4690512;328097.043;4692268.6
10661;AP661;01.12.2019 08:04;01.12.2019 08:04;326584.59;4687114;330211.075;4691438.1
10663;AP663;01.12.2019 08:04;01.12.2019 08:04;326322.517;4686410.8;329142.722;4689445.4
10659;AP659;01.12.2019 08:04;01.12.2019 08:04;330116.167;4690965.5;332897.69;4690056.2
10676;AP676;01.12.2019 08:06;01.12.2019 08:06;328529.27;4689502.7;328960.27;4690512
10683;AP683;01.12.2019 08:07;01.12.2019 08:07;331062.8;4691776;331622.44;4690826.1
10684;AP684;01.12.2019 08:07;01.12.2019 08:07;327987.72;4689221.5;327241.32;4690173
10688;AP688;01.12.2019 08:08;01.12.2019 08:08;331062.8;4691776;331312.951;4691022
10689;AP689;01.12.2019 08:08;01.12.2019 08:08;331062.8;4691776;331312.951;4691022
10692;AP692;01.12.2019 08:08;01.12.2019 08:08;329245.807;4683759.4;329702.7;4684365.6
10702;AP702;01.12.2019 08:10;01.12.2019 08:10;327014.51;4690478.8;328204.95;4692532
10708;AP708;01.12.2019 08:10;01.12.2019 08:10;326322.517;4686410.8;328897.606;4690719.6
10720;AP720;01.12.2019 08:11;01.12.2019 08:11;327790.23;4688472.9;327987.72;4689221.5
10722;AP722;01.12.2019 08:11;01.12.2019 08:11;326322.517;4686410.8;327797.24;4692102.4
10724;AP724;01.12.2019 08:12;01.12.2019 08:12;329142.722;4689445.4;328960.27;4690512
10730;AP730;01.12.2019 08:12;01.12.2019 08:12;327014.51;4690478.8;325723.806;4693910.8
10737;AP737;01.12.2019 08:13;01.12.2019 08:13;327014.51;4690478.8;327618.05;4691658.9
10744;AP744;01.12.2019 08:13;01.12.2019 08:13;328186.047;4690041;327987.72;4689221.5
10761;AP761;01.12.2019 08:14;01.12.2019 08:14;328960.27;4690512;329142.722;4689445.4
10759;AP759;01.12.2019 08:14;01.12.2019 08:14;327014.51;4690478.8;325723.806;4693910.8
10756;AP756;01.12.2019 08:14;01.12.2019 08:14;328960.27;4690512;328541.31;4692242
10753;AP753;01.12.2019 08:14;01.12.2019 08:14;327014.51;4690478.8;327338.34;4692027.8
10760;AP760;01.12.2019 08:14;01.12.2019 08:14;331062.8;4691776;331610.204;4691038.5
10764;AP764;01.12.2019 08:15;01.12.2019 08:15;329306.04;4690666;330116.167;4690965.5
10775;AP775;01.12.2019 08:15;01.12.2019 08:15;330116.167;4690965.5;329019.648;4692611.3
10798;AP798;01.12.2019 08:16;01.12.2019 08:16;329702.7;4684365.6;330211.075;4691438.1
10804;AP804;01.12.2019 08:17;01.12.2019 08:17;330530.43;4690025.7;331062.8;4691776
10802;AP802;01.12.2019 08:17;01.12.2019 08:17;329142.722;4689445.4;330116.167;4690965.5
10813;AP813;01.12.2019 08:18;01.12.2019 08:18;326322.517;4686410.8;331610.204;4691038.5
10810;AP810;01.12.2019 08:18;01.12.2019 08:18;329306.04;4690666;330116.167;4690965.5
10816;AP816;01.12.2019 08:18;01.12.2019 08:18;331062.8;4691776;332654.604;4690058.5
10811;AP811;01.12.2019 08:18;01.12.2019 08:18;329306.04;4690666;330116.167;4690965.5
10809;AP809;01.12.2019 08:18;01.12.2019 08:18;326949.76;4687767.8;326765.42;4689381.9
10807;AP807;01.12.2019 08:18;01.12.2019 08:18;326623.67;4688997.1;327987.72;4689221.5
10829;AP829;01.12.2019 08:19;01.12.2019 08:19;327241.32;4690173;327987.72;4689221.5
10825;AP825;01.12.2019 08:19;01.12.2019 08:19;327014.51;4690478.8;327618.05;4691658.9
10838;AP838;01.12.2019 08:20;01.12.2019 08:20;329245.807;4683759.4;329816.162;4683560
10841;AP841;01.12.2019 08:21;01.12.2019 08:21;326322.517;4686410.8;330549.6;4691678.49
10851;AP851;01.12.2019 08:21;01.12.2019 08:21;326821.7;4692453;328960.27;4690512
10840;AP840;01.12.2019 08:21;01.12.2019 08:21;331312.951;4691022;331062.8;4691776
10843;AP843;01.12.2019 08:21;01.12.2019 08:21;330021.47;4692441.6;327014.51;4690478.8
10857;AP857;01.12.2019 08:22;01.12.2019 08:22;330021.47;4692441.6;327014.51;4690478.8
10863;AP863;01.12.2019 08:22;01.12.2019 08:22;331312.951;4691022;331062.8;4691776
10870;AP870;01.12.2019 08:23;01.12.2019 08:23;325651.61;4686258.1;326322.517;4686410.8
10867;AP867;01.12.2019 08:23;01.12.2019 08:23;326147.22;4687658.1;328960.27;4690512
10881;AP881;01.12.2019 08:24;01.12.2019 08:24;329306.04;4690666;330116.167;4690965.5
10875;AP875;01.12.2019 08:24;01.12.2019 08:24;323971.572;4691220.1;331062.8;4691776
10905;AP905;01.12.2019 08:26;01.12.2019 08:26;328960.27;4690512;330904.495;4691196.4
10893;AP893;01.12.2019 08:26;01.12.2019 08:26;328960.27;4690512;330056.78;4690243.9
10904;AP904;01.12.2019 08:26;01.12.2019 08:26;328897.606;4690719.6;328960.27;4690512
10908;AP908;01.12.2019 08:27;01.12.2019 08:27;332041.02;4689067.22;328960.27;4690512
10909;AP909;01.12.2019 08:27;01.12.2019 08:27;328529.27;4689502.7;328960.27;4690512
10913;AP913;01.12.2019 08:28;01.12.2019 08:28;328919.185;4689763.9;328960.27;4690512
10932;AP932;01.12.2019 08:29;01.12.2019 08:29;328542.91;4689685.4;328960.27;4690512
10940;AP940;01.12.2019 08:30;01.12.2019 08:30;330116.167;4690965.5;332897.69;4690056.2
10960;AP960;01.12.2019 08:32;01.12.2019 08:32;327144.174;4692837.8;330116.167;4690965.5
10969;AP969;01.12.2019 08:32;01.12.2019 08:32;328542.91;4689685.4;328960.27;4690512
10976;AP976;01.12.2019 08:33;01.12.2019 08:33;326147.22;4687658.1;326949.76;4687767.8
10974;AP974;01.12.2019 08:33;01.12.2019 08:33;325090.05;4689888.1;326584.59;4687114
10977;AP977;01.12.2019 08:33;01.12.2019 08:33;330021.47;4692441.6;327987.72;4689221.5
11000;AP1000;01.12.2019 08:35;01.12.2019 08:35;326322.517;4686410.8;330549.6;4691678.49
11003;AP1003;01.12.2019 08:35;01.12.2019 08:35;331427.095;4689106.1;331062.8;4691776
10996;AP996;01.12.2019 08:35;01.12.2019 08:35;331062.8;4691776;331622.44;4690826.1
11005;AP1005;01.12.2019 08:36;01.12.2019 08:36;331062.8;4691776;329563.98;4692920.7
11012;AP1012;01.12.2019 08:36;01.12.2019 08:36;328919.185;4689763.9;330116.167;4690965.5
11008;AP1008;01.12.2019 08:36;01.12.2019 08:36;331062.8;4691776;332654.604;4690058.5
11013;AP1013;01.12.2019 08:36;01.12.2019 08:36;324544.55;4690783.1;329731.967;4688107.2
11009;AP1009;01.12.2019 08:36;01.12.2019 08:36;327014.51;4690478.8;328040.031;4692137.4
11015;AP1015;01.12.2019 08:37;01.12.2019 08:37;328186.047;4690041;330116.167;4690965.5
11014;AP1014;01.12.2019 08:37;01.12.2019 08:37;331062.8;4691776;330904.495;4691196.4
11035;AP1035;01.12.2019 08:38;01.12.2019 08:38;326584.59;4687114;326765.42;4689381.9
11034;AP1034;01.12.2019 08:38;01.12.2019 08:38;326584.59;4687114;326765.42;4689381.9
11045;AP1045;01.12.2019 08:39;01.12.2019 08:39;331062.8;4691776;329563.98;4692920.7
11049;AP1049;01.12.2019 08:39;01.12.2019 08:39;326584.59;4687114;326765.42;4689381.9
11047;AP1047;01.12.2019 08:39;01.12.2019 08:39;327014.51;4690478.8;327338.34;4692027.8
11051;AP1051;01.12.2019 08:39;01.12.2019 08:39;327381.91;4688674.1;326765.42;4689381.9
11071;AP1071;01.12.2019 08:40;01.12.2019 08:40;328395.4;4687170.31;328960.27;4690512
11059;AP1059;01.12.2019 08:40;01.12.2019 08:40;328542.91;4689685.4;328960.27;4690512
11069;AP1069;01.12.2019 08:40;01.12.2019 08:40;327381.91;4688674.1;328542.91;4689685.4
11062;AP1062;01.12.2019 08:40;01.12.2019 08:40;327014.51;4690478.8;328713.79;4692455
11058;AP1058;01.12.2019 08:40;01.12.2019 08:40;329437.881;4691913.5;328960.27;4690512
11075;AP1075;01.12.2019 08:40;01.12.2019 08:40;326147.22;4687658.1;326949.76;4687767.8
11082;AP1082;01.12.2019 08:41;01.12.2019 08:41;329525.838;4690200.2;328960.27;4690512
11096;AP1096;01.12.2019 08:42;01.12.2019 08:42;328960.27;4690512;327618.05;4691658.9
11093;AP1093;01.12.2019 08:42;01.12.2019 08:42;326949.76;4687767.8;329142.722;4689445.4
11090;AP1090;01.12.2019 08:42;01.12.2019 08:42;330116.167;4690965.5;330702.9;4690925.3
11103;AP1103;01.12.2019 08:43;01.12.2019 08:43;331062.8;4691776;332654.604;4690058.5
11100;AP1100;01.12.2019 08:43;01.12.2019 08:43;328960.27;4690512;329815.423;4690832.5
11128;AP1128;01.12.2019 08:44;01.12.2019 08:44;329142.722;4689445.4;330519.1;4689886
11122;AP1122;01.12.2019 08:44;01.12.2019 08:44;326322.517;4686410.8;325726.52;4685352.7
11120;AP1120;01.12.2019 08:44;01.12.2019 08:44;330155.854;4690633.1;326949.76;4687767.8
11123;AP1123;01.12.2019 08:44;01.12.2019 08:44;327381.91;4688674.1;326623.67;4688997.1
11135;AP1135;01.12.2019 08:45;01.12.2019 08:45;326147.22;4687658.1;328960.27;4690512
11147;AP1147;01.12.2019 08:45;01.12.2019 08:45;326949.76;4687767.8;330549.6;4691678.49
11140;AP1140;01.12.2019 08:45;01.12.2019 08:45;326147.22;4687658.1;327987.72;4689221.5
11133;AP1133;01.12.2019 08:45;01.12.2019 08:45;330211.075;4691438.1;330519.1;4689886
11157;AP1157;01.12.2019 08:46;01.12.2019 08:46;327054.145;4686960.91;326584.59;4687114
11158;AP1158;01.12.2019 08:46;01.12.2019 08:46;329142.722;4689445.4;328960.27;4690512
11164;AP1164;01.12.2019 08:46;01.12.2019 08:46;328864.49;4690835.2;330116.167;4690965.5
11149;AP1149;01.12.2019 08:46;01.12.2019 08:46;331062.8;4691776;331622.44;4690826.1
11172;AP1172;01.12.2019 08:47;01.12.2019 08:47;326147.22;4687658.1;326949.76;4687767.8
11167;AP1167;01.12.2019 08:47;01.12.2019 08:47;326949.76;4687767.8;326468.97;4689523.9
11166;AP1166;01.12.2019 08:47;01.12.2019 08:47;327014.51;4690478.8;328040.031;4692137.4
11179;AP1179;01.12.2019 08:48;01.12.2019 08:48;330519.1;4689886;330904.495;4691196.4
11184;AP1184;01.12.2019 08:48;01.12.2019 08:48;328960.27;4690512;327797.24;4692102.4
11195;AP1195;01.12.2019 08:49;01.12.2019 08:49;326949.76;4687767.8;326765.42;4689381.9
11189;AP1189;01.12.2019 08:49;01.12.2019 08:49;327381.91;4688674.1;326765.42;4689381.9
11188;AP1188;01.12.2019 08:49;01.12.2019 08:49;327381.91;4688674.1;326623.67;4688997.1
11187;AP1187;01.12.2019 08:49;01.12.2019 08:49;327257.43;4690683.8;330116.167;4690965.5
11200;AP1200;01.12.2019 08:50;01.12.2019 08:50;330021.47;4692441.6;327987.72;4689221.5
11205;AP1205;01.12.2019 08:51;01.12.2019 08:51;326729.433;4693092.3;328960.27;4690512
11221;AP1221;01.12.2019 08:52;01.12.2019 08:52;327381.91;4688674.1;328186.047;4690041
11231;AP1231;01.12.2019 08:52;01.12.2019 08:52;331062.8;4691776;330702.9;4690925.3
11236;AP1236;01.12.2019 08:52;01.12.2019 08:52;328973.349;4692476.5;328960.27;4690512
11220;AP1220;01.12.2019 08:52;01.12.2019 08:52;328529.27;4689502.7;328960.27;4690512
11241;AP1241;01.12.2019 08:53;01.12.2019 08:53;327381.91;4688674.1;326765.42;4689381.9
11252;AP1252;01.12.2019 08:54;01.12.2019 08:54;330116.167;4690965.5;330702.9;4690925.3
11258;AP1258;01.12.2019 08:54;01.12.2019 08:54;329142.722;4689445.4;330116.167;4690965.5
11250;AP1250;01.12.2019 08:54;01.12.2019 08:54;329142.722;4689445.4;330116.167;4690965.5
11268;AP1268;01.12.2019 08:54;01.12.2019 08:54;328721.78;4689076.2;328960.27;4690512
11264;AP1264;01.12.2019 08:54;01.12.2019 08:54;331005.95;4689466.2;330519.1;4689886
11257;AP1257;01.12.2019 08:54;01.12.2019 08:54;328960.27;4690512;327797.24;4692102.4
11266;AP1266;01.12.2019 08:54;01.12.2019 08:54;327381.91;4688674.1;327241.32;4690173
11279;AP1279;01.12.2019 08:55;01.12.2019 08:55;328960.27;4690512;329142.722;4689445.4
11271;AP1271;01.12.2019 08:55;01.12.2019 08:55;331062.8;4691776;331622.44;4690826.1
11294;AP1294;01.12.2019 08:56;01.12.2019 08:56;327014.51;4690478.8;328040.031;4692137.4
11296;AP1296;01.12.2019 08:56;01.12.2019 08:56;328960.27;4690512;327797.24;4692102.4
11291;AP1291;01.12.2019 08:56;01.12.2019 08:56;326623.67;4688997.1;327987.72;4689221.5
11281;AP1281;01.12.2019 08:56;01.12.2019 08:56;326821.7;4692453;327014.51;4690478.8
11288;AP1288;01.12.2019 08:56;01.12.2019 08:56;330549.6;4691678.49;330977.34;4687381.6
11283;AP1283;01.12.2019 08:56;01.12.2019 08:56;328186.047;4690041;328960.27;4690512
11301;AP1301;01.12.2019 08:57;01.12.2019 08:57;325651.61;4686258.1;326322.517;4686410.8
11312;AP1312;01.12.2019 08:58;01.12.2019 08:58;326284.37;4685962.9;327987.72;4689221.5
11317;AP1317;01.12.2019 08:58;01.12.2019 08:58;330549.6;4691678.49;330977.34;4687381.6
11321;AP1321;01.12.2019 08:59;01.12.2019 08:59;329142.722;4689445.4;330116.167;4690965.5
11323;AP1323;01.12.2019 08:59;01.12.2019 08:59;328537.614;4688827.2;327987.72;4689221.5
11326;AP1326;01.12.2019 08:59;01.12.2019 08:59;328186.047;4690041;330116.167;4690965.5
11327;AP1327;01.12.2019 08:59;01.12.2019 08:59;330116.167;4690965.5;330702.9;4690925.3
11333;AP1333;01.12.2019 09:00;01.12.2019 09:00;327381.91;4688674.1;326955.276;4691839
11352;AP1352;01.12.2019 09:04;01.12.2019 09:04;327025.37;4692269.6;327014.51;4690478.8
11364;AP1364;01.12.2019 09:06;01.12.2019 09:06;328960.27;4690512;328496.7;4692453.4
11371;AP1371;01.12.2019 09:06;01.12.2019 09:06;328186.047;4690041;330116.167;4690965.5
11389;AP1389;01.12.2019 09:08;01.12.2019 09:08;331062.8;4691776;328973.349;4692476.5
11393;AP1393;01.12.2019 09:09;01.12.2019 09:09;328496.7;4692453.4;328960.27;4690512
11400;AP1400;01.12.2019 09:10;01.12.2019 09:10;330519.1;4689886;329557.51;4689227.9
11413;AP1413;01.12.2019 09:11;01.12.2019 09:11;325090.05;4689888.1;327014.51;4690478.8
11408;AP1408;01.12.2019 09:11;01.12.2019 09:11;331062.8;4691776;327618.05;4691658.9
11407;AP1407;01.12.2019 09:11;01.12.2019 09:11;330727.12;4686305.5;329576.97;4689773.2
11430;AP1430;01.12.2019 09:13;01.12.2019 09:13;330116.167;4690965.5;330702.9;4690925.3
11432;AP1432;01.12.2019 09:14;01.12.2019 09:14;331062.8;4691776;331622.44;4690826.1
11442;AP1442;01.12.2019 09:15;01.12.2019 09:15;331452.383;4687206.2;330977.34;4687381.6
11443;AP1443;01.12.2019 09:15;01.12.2019 09:15;328960.27;4690512;328460.08;4692098.4
11445;AP1445;01.12.2019 09:16;01.12.2019 09:16;330116.167;4690965.5;330702.9;4690925.3
11451;AP1451;01.12.2019 09:18;01.12.2019 09:18;326322.517;4686410.8;325726.52;4685352.7
11457;AP1457;01.12.2019 09:18;01.12.2019 09:18;331062.8;4691776;331118.9;4692214.8
11461;AP1461;01.12.2019 09:19;01.12.2019 09:19;327987.72;4689221.5;330549.6;4691678.49
11466;AP1466;01.12.2019 09:20;01.12.2019 09:20;325090.05;4689888.1;327014.51;4690478.8
11490;AP1490;01.12.2019 09:23;01.12.2019 09:23;326729.433;4693092.3;328960.27;4690512
11491;AP1491;01.12.2019 09:23;01.12.2019 09:23;327381.91;4688674.1;326657.415;4689074.7
11501;AP1501;01.12.2019 09:25;01.12.2019 09:25;326623.67;4688997.1;327987.72;4689221.5
11512;AP1512;01.12.2019 09:27;01.12.2019 09:27;330519.1;4689886;331312.951;4691022
11514;AP1514;01.12.2019 09:28;01.12.2019 09:28;328960.27;4690512;328864.49;4690835.2
11522;AP1522;01.12.2019 09:29;01.12.2019 09:29;326949.76;4687767.8;326468.97;4689523.9
11518;AP1518;01.12.2019 09:29;01.12.2019 09:29;327014.51;4690478.8;328678.69;4692023.9
11521;AP1521;01.12.2019 09:29;01.12.2019 09:29;327014.51;4690478.8;327618.05;4691658.9
11534;AP1534;01.12.2019 09:31;01.12.2019 09:31;327987.72;4689221.5;327241.32;4690173
11540;AP1540;01.12.2019 09:32;01.12.2019 09:32;325726.52;4685352.7;327381.91;4688674.1
11543;AP1543;01.12.2019 09:33;01.12.2019 09:33;327014.51;4690478.8;328678.69;4692023.9
11544;AP1544;01.12.2019 09:33;01.12.2019 09:33;331062.8;4691776;331622.44;4690826.1
11552;AP1552;01.12.2019 09:34;01.12.2019 09:34;327241.32;4690173;327987.72;4689221.5
11553;AP1553;01.12.2019 09:35;01.12.2019 09:35;331062.8;4691776;331622.44;4690826.1
11568;AP1568;01.12.2019 09:36;01.12.2019 09:36;328097.043;4692268.6;327987.72;4689221.5
11567;AP1567;01.12.2019 09:36;01.12.2019 09:36;328960.27;4690512;330702.9;4690925.3
11560;AP1560;01.12.2019 09:36;01.12.2019 09:36;331062.8;4691776;331610.204;4691038.5
11574;AP1574;01.12.2019 09:37;01.12.2019 09:37;330001.12;4690169.1;330116.167;4690965.5
11573;AP1573;01.12.2019 09:37;01.12.2019 09:37;328960.27;4690512;325569.74;4693395
11571;AP1571;01.12.2019 09:37;01.12.2019 09:37;328529.27;4689502.7;328960.27;4690512
11579;AP1579;01.12.2019 09:39;01.12.2019 09:39;328395.4;4687170.31;327987.72;4689221.5
11583;AP1583;01.12.2019 09:41;01.12.2019 09:41;329731.967;4688107.2;327764.59;4692563.9
11595;AP1595;01.12.2019 09:42;01.12.2019 09:42;328960.27;4690512;328186.047;4690041
11593;AP1593;01.12.2019 09:42;01.12.2019 09:42;327987.72;4689221.5;330549.6;4691678.49
11589;AP1589;01.12.2019 09:42;01.12.2019 09:42;327987.72;4689221.5;327308.8;4689387.27
11592;AP1592;01.12.2019 09:42;01.12.2019 09:42;328529.27;4689502.7;327987.72;4689221.5
11601;AP1601;01.12.2019 09:44;01.12.2019 09:44;331062.8;4691776;331118.9;4692214.8
11602;AP1602;01.12.2019 09:44;01.12.2019 09:44;329731.967;4688107.2;327257.43;4690683.8
11609;AP1609;01.12.2019 09:45;01.12.2019 09:45;329142.722;4689445.4;328960.27;4690512
11604;AP1604;01.12.2019 09:45;01.12.2019 09:45;328960.27;4690512;327241.32;4690173
11616;AP1616;01.12.2019 09:47;01.12.2019 09:47;326623.67;4688997.1;327987.72;4689221.5
11618;AP1618;01.12.2019 09:47;01.12.2019 09:47;328529.27;4689502.7;328960.27;4690512
11621;AP1621;01.12.2019 09:48;01.12.2019 09:48;328529.27;4689502.7;327381.91;4688674.1
11622;AP1622;01.12.2019 09:48;01.12.2019 09:48;328529.27;4689502.7;327381.91;4688674.1
11634;AP1634;01.12.2019 09:50;01.12.2019 09:50;331452.383;4687206.2;330977.34;4687381.6
11647;AP1647;01.12.2019 09:52;01.12.2019 09:52;331062.8;4691776;330702.9;4690925.3
11650;AP1650;01.12.2019 09:54;01.12.2019 09:54;329142.722;4689445.4;330519.1;4689886
11658;AP1658;01.12.2019 09:56;01.12.2019 09:56;327987.72;4689221.5;327091.95;4689281.4
11657;AP1657;01.12.2019 09:56;01.12.2019 09:56;331062.8;4691776;327241.32;4690173
11666;AP1666;01.12.2019 09:59;01.12.2019 09:59;326949.76;4687767.8;326765.42;4689381.9
11667;AP1667;01.12.2019 09:59;01.12.2019 09:59;330702.9;4690925.3;330116.167;4690965.5
11670;AP1670;01.12.2019 10:00;01.12.2019 10:00;324574.829;4683842.5;326322.517;4686410.8
11668;AP1668;01.12.2019 10:00;01.12.2019 10:00;331115.57;4691467.3;327014.51;4690478.8
11673;AP1673;01.12.2019 10:01;01.12.2019 10:01;331062.8;4691776;330923.47;4690026.9
11678;AP1678;01.12.2019 10:02;01.12.2019 10:02;331632.33;4690082.6;330116.167;4690965.5
11677;AP1677;01.12.2019 10:02;01.12.2019 10:02;329576.97;4689773.2;330727.12;4686305.5
11683;AP1683;01.12.2019 10:04;01.12.2019 10:04;328960.27;4690512;327618.05;4691658.9
11698;AP1698;01.12.2019 10:09;01.12.2019 10:09;330519.1;4689886;328619.3;4690347.7
11701;AP1701;01.12.2019 10:10;01.12.2019 10:10;331062.8;4691776;328864.49;4690835.2
11707;AP1707;01.12.2019 10:12;01.12.2019 10:12;326949.76;4687767.8;326765.42;4689381.9
11710;AP1710;01.12.2019 10:14;01.12.2019 10:14;329525.838;4690200.2;328960.27;4690512
11717;AP1717;01.12.2019 10:15;01.12.2019 10:15;327014.51;4690478.8;327618.05;4691658.9
11720;AP1720;01.12.2019 10:16;01.12.2019 10:16;324762.5;4695581.7;327987.72;4689221.5
11719;AP1719;01.12.2019 10:16;01.12.2019 10:16;326949.76;4687767.8;326765.42;4689381.9
11724;AP1724;01.12.2019 10:19;01.12.2019 10:19;329525.838;4690200.2;328960.27;4690512
11734;AP1734;01.12.2019 10:24;01.12.2019 10:24;330519.1;4689886;328097.043;4692268.6
11756;AP1756;01.12.2019 10:29;01.12.2019 10:29;327381.91;4688674.1;327797.24;4692102.4
11761;AP1761;01.12.2019 10:31;01.12.2019 10:31;326284.37;4685962.9;326322.517;4686410.8
11763;AP1763;01.12.2019 10:31;01.12.2019 10:31;327014.51;4690478.8;326591.427;4690477.7
11765;AP1765;01.12.2019 10:32;01.12.2019 10:32;328960.27;4690512;330549.6;4691678.49
11775;AP1775;01.12.2019 10:36;01.12.2019 10:36;331005.95;4689466.2;330519.1;4689886
11773;AP1773;01.12.2019 10:36;01.12.2019 10:36;330549.6;4691678.49;330116.167;4690965.5
11776;AP1776;01.12.2019 10:37;01.12.2019 10:37;329525.838;4690200.2;328960.27;4690512
11780;AP1780;01.12.2019 10:38;01.12.2019 10:38;329702.7;4684365.6;329707.29;4690995.37
11792;AP1792;01.12.2019 10:41;01.12.2019 10:41;330116.167;4690965.5;328641.36;4690542.5
11795;AP1795;01.12.2019 10:43;01.12.2019 10:43;330781.882;4687392;327987.72;4689221.5
11801;AP1801;01.12.2019 10:44;01.12.2019 10:44;326147.22;4687658.1;326322.517;4686410.8
11809;AP1809;01.12.2019 10:46;01.12.2019 10:46;329139.34;4689893.8;330116.167;4690965.5
11810;AP1810;01.12.2019 10:46;01.12.2019 10:46;328897.606;4690719.6;330116.167;4690965.5
11808;AP1808;01.12.2019 10:46;01.12.2019 10:46;328186.047;4690041;331062.8;4691776
11818;AP1818;01.12.2019 10:48;01.12.2019 10:48;327987.72;4689221.5;330702.9;4690925.3
11824;AP1824;01.12.2019 10:50;01.12.2019 10:50;326726.11;4691403.3;330116.167;4690965.5
11821;AP1821;01.12.2019 10:50;01.12.2019 10:50;331062.8;4691776;331610.204;4691038.5
11834;AP1834;01.12.2019 10:51;01.12.2019 10:51;327618.05;4691658.9;330116.167;4690965.5
11838;AP1838;01.12.2019 10:52;01.12.2019 10:52;327381.91;4688674.1;328381.933;4689779.7
11844;AP1844;01.12.2019 10:53;01.12.2019 10:53;327381.91;4688674.1;328186.047;4690041
11859;AP1859;01.12.2019 10:56;01.12.2019 10:56;328542.91;4689685.4;328960.27;4690512
11857;AP1857;01.12.2019 10:56;01.12.2019 10:56;330001.12;4690169.1;330116.167;4690965.5
11868;AP1868;01.12.2019 11:01;01.12.2019 11:01;327381.91;4688674.1;327241.32;4690173
11876;AP1876;01.12.2019 11:02;01.12.2019 11:02;328186.047;4690041;327381.91;4688674.1
11875;AP1875;01.12.2019 11:02;01.12.2019 11:02;330116.167;4690965.5;330127.681;4690003.1
11873;AP1873;01.12.2019 11:02;01.12.2019 11:02;328960.27;4690512;328040.031;4692137.4
11888;AP1888;01.12.2019 11:07;01.12.2019 11:07;332166.594;4686447;330977.34;4687381.6
11886;AP1886;01.12.2019 11:07;01.12.2019 11:07;330116.167;4690965.5;327257.43;4690683.8
11890;AP1890;01.12.2019 11:09;01.12.2019 11:09;330519.1;4689886;333173.41;4688780
11907;AP1907;01.12.2019 11:16;01.12.2019 11:16;326591.427;4690477.7;327987.72;4689221.5
11908;AP1908;01.12.2019 11:16;01.12.2019 11:16;329702.7;4684365.6;329707.29;4690995.37
11917;AP1917;01.12.2019 11:18;01.12.2019 11:18;331427.095;4689106.1;330519.1;4689886
11934;AP1934;01.12.2019 11:24;01.12.2019 11:24;327089.5;4693481.3;328960.27;4690512
11935;AP1935;01.12.2019 11:24;01.12.2019 11:24;326322.517;4686410.8;328721.78;4689076.2
11940;AP1940;01.12.2019 11:25;01.12.2019 11:25;330116.167;4690965.5;331312.951;4691022
11944;AP1944;01.12.2019 11:26;01.12.2019 11:26;330727.12;4686305.5;329691.87;4690911
11945;AP1945;01.12.2019 11:26;01.12.2019 11:26;330519.1;4689886;330923.47;4690026.9
11949;AP1949;01.12.2019 11:27;01.12.2019 11:27;327790.23;4688472.9;327987.72;4689221.5
11947;AP1947;01.12.2019 11:27;01.12.2019 11:27;331427.095;4689106.1;330519.1;4689886
11958;AP1958;01.12.2019 11:29;01.12.2019 11:29;330519.1;4689886;330923.47;4690026.9
11961;AP1961;01.12.2019 11:30;01.12.2019 11:30;330116.167;4690965.5;328186.047;4690041
11973;AP1973;01.12.2019 11:34;01.12.2019 11:34;327291.502;4694860.7;327987.72;4689221.5
11974;AP1974;01.12.2019 11:34;01.12.2019 11:34;328542.91;4689685.4;328960.27;4690512
11976;AP1976;01.12.2019 11:35;01.12.2019 11:35;328960.27;4690512;330021.47;4692441.6
11981;AP1981;01.12.2019 11:36;01.12.2019 11:36;326657.415;4689074.7;327987.72;4689221.5
11987;AP1987;01.12.2019 11:37;01.12.2019 11:37;327790.23;4688472.9;327987.72;4689221.5
11986;AP1986;01.12.2019 11:37;01.12.2019 11:37;327987.72;4689221.5;328542.91;4689685.4
12002;AP2002;01.12.2019 11:42;01.12.2019 11:42;330116.167;4690965.5;328186.047;4690041
12003;AP2003;01.12.2019 11:42;01.12.2019 11:42;328960.27;4690512;327338.34;4692027.8
12006;AP2006;01.12.2019 11:43;01.12.2019 11:43;329139.34;4689893.8;326949.76;4687767.8
12011;AP2011;01.12.2019 11:45;01.12.2019 11:45;327241.32;4690173;327987.72;4689221.5
12016;AP2016;01.12.2019 11:46;01.12.2019 11:46;328960.27;4690512;325910.78;4692647.9
12038;AP2038;01.12.2019 11:52;01.12.2019 11:52;328960.27;4690512;330005.33;4692468.1
12033;AP2033;01.12.2019 11:52;01.12.2019 11:52;330116.167;4690965.5;330001.12;4690169.1
12045;AP2045;01.12.2019 11:54;01.12.2019 11:54;328529.27;4689502.7;327987.72;4689221.5
12042;AP2042;01.12.2019 11:54;01.12.2019 11:54;330001.12;4690169.1;330116.167;4690965.5
12050;AP2050;01.12.2019 11:55;01.12.2019 11:55;327241.32;4690173;327987.72;4689221.5
12064;AP2064;01.12.2019 12:02;01.12.2019 12:02;328897.606;4690719.6;330116.167;4690965.5
12074;AP2074;01.12.2019 12:05;01.12.2019 12:05;332654.604;4690058.5;331062.8;4691776
12084;AP2084;01.12.2019 12:08;01.12.2019 12:08;327987.72;4689221.5;327790.23;4688472.9
12083;AP2083;01.12.2019 12:08;01.12.2019 12:08;327987.72;4689221.5;327241.32;4690173
12089;AP2089;01.12.2019 12:10;01.12.2019 12:10;328960.27;4690512;329691.87;4690911
12097;AP2097;01.12.2019 12:12;01.12.2019 12:12;327241.32;4690173;327987.72;4689221.5
12096;AP2096;01.12.2019 12:12;01.12.2019 12:12;327381.91;4688674.1;327618.05;4691658.9
12102;AP2102;01.12.2019 12:14;01.12.2019 12:14;328960.27;4690512;327091.95;4689281.4
12108;AP2108;01.12.2019 12:17;01.12.2019 12:17;329731.967;4688107.2;328309.728;4688502.3
12106;AP2106;01.12.2019 12:17;01.12.2019 12:17;331610.204;4691038.5;331062.8;4691776
12113;AP2113;01.12.2019 12:19;01.12.2019 12:19;326147.22;4687658.1;326949.76;4687767.8
12128;AP2128;01.12.2019 12:25;01.12.2019 12:25;330116.167;4690965.5;328460.08;4692098.4
12135;AP2135;01.12.2019 12:28;01.12.2019 12:28;329731.967;4688107.2;327946.286;4684593.6
12139;AP2139;01.12.2019 12:31;01.12.2019 12:31;327987.72;4689221.5;326623.67;4688997.1
12147;AP2147;01.12.2019 12:34;01.12.2019 12:34;327987.72;4689221.5;329285.36;4691333.2
12148;AP2148;01.12.2019 12:36;01.12.2019 12:36;328897.606;4690719.6;327987.72;4689221.5
12153;AP2153;01.12.2019 12:38;01.12.2019 12:38;328960.27;4690512;330688.69;4692107.4
12156;AP2156;01.12.2019 12:38;01.12.2019 12:38;330389.01;4691780.43;330116.167;4690965.5
12160;AP2160;01.12.2019 12:39;01.12.2019 12:39;327987.72;4689221.5;326468.97;4689523.9
12168;AP2168;01.12.2019 12:42;01.12.2019 12:42;327291.52;4693122.2;327987.72;4689221.5
12180;AP2180;01.12.2019 12:45;01.12.2019 12:45;331062.8;4691776;330923.47;4690026.9
12186;AP2186;01.12.2019 12:46;01.12.2019 12:46;327987.72;4689221.5;328186.047;4690041
12188;AP2188;01.12.2019 12:47;01.12.2019 12:47;326628.21;4692608.5;328960.27;4690512
12190;AP2190;01.12.2019 12:47;01.12.2019 12:47;326628.21;4692608.5;328960.27;4690512
12195;AP2195;01.12.2019 12:48;01.12.2019 12:48;330056.78;4690243.9;330116.167;4690965.5
12192;AP2192;01.12.2019 12:48;01.12.2019 12:48;326322.517;4686410.8;326284.37;4685962.9
12200;AP2200;01.12.2019 12:50;01.12.2019 12:50;328619.3;4690347.7;329731.967;4688107.2
12203;AP2203;01.12.2019 12:51;01.12.2019 12:51;327091.95;4689281.4;327014.51;4690478.8
12207;AP2207;01.12.2019 12:51;01.12.2019 12:51;326322.517;4686410.8;325726.52;4685352.7
12206;AP2206;01.12.2019 12:51;01.12.2019 12:51;327054.145;4686960.91;326584.59;4687114
12211;AP2211;01.12.2019 12:52;01.12.2019 12:52;328619.3;4690347.7;330116.167;4690965.5
12213;AP2213;01.12.2019 12:52;01.12.2019 12:52;325726.52;4685352.7;328960.27;4690512
12214;AP2214;01.12.2019 12:53;01.12.2019 12:53;328960.27;4690512;326628.21;4692608.5
12218;AP2218;01.12.2019 12:54;01.12.2019 12:54;330549.6;4691678.49;331062.8;4691776
12217;AP2217;01.12.2019 12:54;01.12.2019 12:54;331062.8;4691776;328259.35;4692915.7
12221;AP2221;01.12.2019 12:55;01.12.2019 12:55;330519.1;4689886;327025.37;4692269.6
12227;AP2227;01.12.2019 12:56;01.12.2019 12:56;327381.91;4688674.1;327241.32;4690173
12224;AP2224;01.12.2019 12:56;01.12.2019 12:56;326726.11;4691403.3;328960.27;4690512
12231;AP2231;01.12.2019 12:57;01.12.2019 12:57;327987.72;4689221.5;328864.49;4690835.2
12232;AP2232;01.12.2019 12:57;01.12.2019 12:57;328529.27;4689502.7;328960.27;4690512
12249;AP2249;01.12.2019 13:02;01.12.2019 13:02;325079.01;4691073.1;327987.72;4689221.5
12252;AP2252;01.12.2019 13:03;01.12.2019 13:03;325651.61;4686258.1;326322.517;4686410.8
12258;AP2258;01.12.2019 13:04;01.12.2019 13:04;329731.967;4688107.2;328721.78;4689076.2
12262;AP2262;01.12.2019 13:05;01.12.2019 13:05;328960.27;4690512;326468.97;4689523.9
12267;AP2267;01.12.2019 13:06;01.12.2019 13:06;327381.91;4688674.1;326468.97;4689523.9
12279;AP2279;01.12.2019 13:10;01.12.2019 13:10;328529.27;4689502.7;327987.72;4689221.5
12286;AP2286;01.12.2019 13:12;01.12.2019 13:12;327014.51;4690478.8;326955.276;4691839
12290;AP2290;01.12.2019 13:14;01.12.2019 13:14;328725.71;4690686.1;328960.27;4690512
12296;AP2296;01.12.2019 13:15;01.12.2019 13:15;326424.98;4690365.89;328960.27;4690512
12301;AP2301;01.12.2019 13:16;01.12.2019 13:16;330127.681;4690003.1;328960.27;4690512
12305;AP2305;01.12.2019 13:17;01.12.2019 13:17;328529.27;4689502.7;328960.27;4690512
12309;AP2309;01.12.2019 13:18;01.12.2019 13:18;327987.72;4689221.5;327790.23;4688472.9
12313;AP2313;01.12.2019 13:20;01.12.2019 13:20;330211.075;4691438.1;331062.8;4691776
12316;AP2316;01.12.2019 13:20;01.12.2019 13:20;329142.722;4689445.4;330116.167;4690965.5
12323;AP2323;01.12.2019 13:21;01.12.2019 13:21;330001.12;4690169.1;327987.72;4689221.5
12320;AP2320;01.12.2019 13:21;01.12.2019 13:21;328973.349;4692476.5;331062.8;4691776
12321;AP2321;01.12.2019 13:21;01.12.2019 13:21;326628.21;4692608.5;328960.27;4690512
12330;AP2330;01.12.2019 13:23;01.12.2019 13:23;330056.78;4690243.9;330116.167;4690965.5
12329;AP2329;01.12.2019 13:23;01.12.2019 13:23;326623.67;4688997.1;327987.72;4689221.5
12337;AP2337;01.12.2019 13:25;01.12.2019 13:25;325651.61;4686258.1;326584.59;4687114
12338;AP2338;01.12.2019 13:26;01.12.2019 13:26;325090.05;4689888.1;327014.51;4690478.8
12349;AP2349;01.12.2019 13:30;01.12.2019 13:30;332654.604;4690058.5;331062.8;4691776
12357;AP2357;01.12.2019 13:32;01.12.2019 13:32;331051.57;4688478.7;329731.967;4688107.2
12365;AP2365;01.12.2019 13:35;01.12.2019 13:35;329158.382;4686229.3;330977.34;4687381.6
12372;AP2372;01.12.2019 13:36;01.12.2019 13:36;330977.34;4687381.6;329815.423;4690832.5
12373;AP2373;01.12.2019 13:36;01.12.2019 13:36;326284.37;4685962.9;326322.517;4686410.8
12371;AP2371;01.12.2019 13:36;01.12.2019 13:36;329702.7;4684365.6;327946.286;4684593.6
12374;AP2374;01.12.2019 13:37;01.12.2019 13:37;327987.72;4689221.5;326468.97;4689523.9
12375;AP2375;01.12.2019 13:37;01.12.2019 13:37;328496.7;4692453.4;327987.72;4689221.5
12376;AP2376;01.12.2019 13:37;01.12.2019 13:37;327014.51;4690478.8;326821.7;4692453
12385;AP2385;01.12.2019 13:39;01.12.2019 13:39;326955.276;4691839;327014.51;4690478.8
12386;AP2386;01.12.2019 13:39;01.12.2019 13:39;328960.27;4690512;329815.423;4690832.5
12391;AP2391;01.12.2019 13:40;01.12.2019 13:40;327764.59;4692563.9;330116.167;4690965.5
12396;AP2396;01.12.2019 13:41;01.12.2019 13:41;330116.167;4690965.5;328725.71;4690686.1
12399;AP2399;01.12.2019 13:42;01.12.2019 13:42;330116.167;4690965.5;328204.95;4692532
12419;AP2419;01.12.2019 13:48;01.12.2019 13:48;331062.8;4691776;330386.12;4690842
12422;AP2422;01.12.2019 13:49;01.12.2019 13:49;328960.27;4690512;328542.91;4689685.4
12426;AP2426;01.12.2019 13:51;01.12.2019 13:51;330389.01;4691780.43;327987.72;4689221.5
12428;AP2428;01.12.2019 13:51;01.12.2019 13:51;328186.047;4690041;327987.72;4689221.5
12425;AP2425;01.12.2019 13:51;01.12.2019 13:51;327987.72;4689221.5;328395.4;4687170.31
12434;AP2434;01.12.2019 13:53;01.12.2019 13:53;328919.185;4689763.9;330116.167;4690965.5
12438;AP2438;01.12.2019 13:54;01.12.2019 13:54;329731.967;4688107.2;327677.48;4687584
12439;AP2439;01.12.2019 13:54;01.12.2019 13:54;328641.36;4690542.5;330116.167;4690965.5
12446;AP2446;01.12.2019 13:56;01.12.2019 13:56;326584.59;4687114;325651.61;4686258.1
12448;AP2448;01.12.2019 13:57;01.12.2019 13:57;327987.72;4689221.5;326657.415;4689074.7
12456;AP2456;01.12.2019 13:58;01.12.2019 13:58;328641.36;4690542.5;330116.167;4690965.5
12459;AP2459;01.12.2019 13:59;01.12.2019 13:59;330116.167;4690965.5;330001.12;4690169.1
12462;AP2462;01.12.2019 14:00;01.12.2019 14:00;329306.04;4690666;330519.1;4689886
12465;AP2465;01.12.2019 14:02;01.12.2019 14:02;328186.047;4690041;327381.91;4688674.1
12471;AP2471;01.12.2019 14:03;01.12.2019 14:03;327987.72;4689221.5;326657.415;4689074.7
12473;AP2473;01.12.2019 14:04;01.12.2019 14:04;327248.21;4687358;327381.91;4688674.1
12474;AP2474;01.12.2019 14:04;01.12.2019 14:04;328960.27;4690512;326657.415;4689074.7
12482;AP2482;01.12.2019 14:06;01.12.2019 14:06;328308.732;4692122.8;331062.8;4691776
12481;AP2481;01.12.2019 14:06;01.12.2019 14:06;331062.8;4691776;330904.495;4691196.4
12485;AP2485;01.12.2019 14:07;01.12.2019 14:07;328960.27;4690512;328542.91;4689685.4
12489;AP2489;01.12.2019 14:08;01.12.2019 14:08;327248.21;4687358;327381.91;4688674.1
12488;AP2488;01.12.2019 14:08;01.12.2019 14:08;326712.083;4690737;328960.27;4690512
12494;AP2494;01.12.2019 14:11;01.12.2019 14:11;328721.78;4689076.2;326949.76;4687767.8
12495;AP2495;01.12.2019 14:11;01.12.2019 14:11;328725.71;4690686.1;328960.27;4690512
12511;AP2511;01.12.2019 14:16;01.12.2019 14:16;327987.72;4689221.5;326765.42;4689381.9
12518;AP2518;01.12.2019 14:17;01.12.2019 14:17;328619.3;4690347.7;330116.167;4690965.5
12519;AP2519;01.12.2019 14:18;01.12.2019 14:18;329285.36;4691333.2;330116.167;4690965.5
12528;AP2528;01.12.2019 14:21;01.12.2019 14:21;330702.9;4690925.3;331062.8;4691776
12530;AP2530;01.12.2019 14:21;01.12.2019 14:21;330621.26;4691012.9;331062.8;4691776
12537;AP2537;01.12.2019 14:24;01.12.2019 14:24;330116.167;4690965.5;327257.43;4690683.8
12540;AP2540;01.12.2019 14:24;01.12.2019 14:24;329731.967;4688107.2;331051.57;4688478.7
12551;AP2551;01.12.2019 14:26;01.12.2019 14:26;327797.24;4692102.4;327381.91;4688674.1
12550;AP2550;01.12.2019 14:26;01.12.2019 14:26;328204.95;4692532;327014.51;4690478.8
12554;AP2554;01.12.2019 14:27;01.12.2019 14:27;327381.91;4688674.1;328186.047;4690041
12557;AP2557;01.12.2019 14:28;01.12.2019 14:28;328309.728;4688502.3;327987.72;4689221.5
12569;AP2569;01.12.2019 14:30;01.12.2019 14:30;326623.67;4688997.1;327987.72;4689221.5
12568;AP2568;01.12.2019 14:30;01.12.2019 14:30;328960.27;4690512;328897.606;4690719.6
12572;AP2572;01.12.2019 14:30;01.12.2019 14:30;327054.145;4686960.91;326949.76;4687767.8
12576;AP2576;01.12.2019 14:31;01.12.2019 14:31;328960.27;4690512;327241.32;4690173
12580;AP2580;01.12.2019 14:32;01.12.2019 14:32;328960.27;4690512;327248.21;4687358
12586;AP2586;01.12.2019 14:33;01.12.2019 14:33;329815.423;4690832.5;328960.27;4690512
12590;AP2590;01.12.2019 14:34;01.12.2019 14:34;327241.32;4690173;327987.72;4689221.5
12594;AP2594;01.12.2019 14:35;01.12.2019 14:35;329576.97;4689773.2;329731.967;4688107.2
12600;AP2600;01.12.2019 14:36;01.12.2019 14:36;330116.167;4690965.5;328864.49;4690835.2
12603;AP2603;01.12.2019 14:38;01.12.2019 14:38;331062.8;4691776;331427.095;4689106.1
12605;AP2605;01.12.2019 14:39;01.12.2019 14:39;328721.78;4689076.2;327987.72;4689221.5
12621;AP2621;01.12.2019 14:44;01.12.2019 14:44;329815.423;4690832.5;328960.27;4690512
12629;AP2629;01.12.2019 14:46;01.12.2019 14:46;328641.36;4690542.5;330116.167;4690965.5
12637;AP2637;01.12.2019 14:48;01.12.2019 14:48;330116.167;4690965.5;329142.722;4689445.4
12636;AP2636;01.12.2019 14:48;01.12.2019 14:48;325726.52;4685352.7;327381.91;4688674.1
12638;AP2638;01.12.2019 14:48;01.12.2019 14:48;326957.55;4689676;326949.76;4687767.8
12649;AP2649;01.12.2019 14:51;01.12.2019 14:51;328619.3;4690347.7;330116.167;4690965.5
12654;AP2654;01.12.2019 14:52;01.12.2019 14:52;331062.8;4691776;330904.495;4691196.4
12655;AP2655;01.12.2019 14:52;01.12.2019 14:52;329923.52;4691948.2;328960.27;4690512
12661;AP2661;01.12.2019 14:54;01.12.2019 14:54;328725.71;4690686.1;327987.72;4689221.5
12660;AP2660;01.12.2019 14:54;01.12.2019 14:54;330923.47;4690026.9;328960.27;4690512
12670;AP2670;01.12.2019 14:59;01.12.2019 14:59;326949.76;4687767.8;328381.933;4689779.7
12680;AP2680;01.12.2019 15:02;01.12.2019 15:02;328529.27;4689502.7;328960.27;4690512
12683;AP2683;01.12.2019 15:03;01.12.2019 15:03;326765.42;4689381.9;326584.59;4687114
12688;AP2688;01.12.2019 15:04;01.12.2019 15:04;328960.27;4690512;329142.722;4689445.4
12687;AP2687;01.12.2019 15:04;01.12.2019 15:04;327054.145;4686960.91;326584.59;4687114
12696;AP2696;01.12.2019 15:05;01.12.2019 15:05;330116.167;4690965.5;328641.36;4690542.5
12702;AP2702;01.12.2019 15:06;01.12.2019 15:06;330001.12;4690169.1;328960.27;4690512
12706;AP2706;01.12.2019 15:08;01.12.2019 15:08;329731.967;4688107.2;328619.3;4690347.7
12710;AP2710;01.12.2019 15:08;01.12.2019 15:08;328381.933;4689779.7;326584.59;4687114
12711;AP2711;01.12.2019 15:09;01.12.2019 15:09;332166.594;4686447;330977.34;4687381.6
12719;AP2719;01.12.2019 15:10;01.12.2019 15:10;326765.42;4689381.9;326584.59;4687114
12720;AP2720;01.12.2019 15:10;01.12.2019 15:10;326949.76;4687767.8;326591.427;4690477.7
12741;AP2741;01.12.2019 15:15;01.12.2019 15:15;326584.59;4687114;328309.728;4688502.3
12745;AP2745;01.12.2019 15:15;01.12.2019 15:15;327987.72;4689221.5;327790.23;4688472.9
12744;AP2744;01.12.2019 15:15;01.12.2019 15:15;327338.34;4692027.8;327987.72;4689221.5
12757;AP2757;01.12.2019 15:16;01.12.2019 15:16;330116.167;4690965.5;328919.185;4689763.9
12758;AP2758;01.12.2019 15:16;01.12.2019 15:16;328864.49;4690835.2;330116.167;4690965.5
12754;AP2754;01.12.2019 15:16;01.12.2019 15:16;330001.12;4690169.1;328960.27;4690512
12749;AP2749;01.12.2019 15:16;01.12.2019 15:16;329816.162;4683560;330589.84;4683239.5
12775;AP2775;01.12.2019 15:18;01.12.2019 15:18;326949.76;4687767.8;326623.67;4688997.1
12785;AP2785;01.12.2019 15:21;01.12.2019 15:21;327381.91;4688674.1;329158.382;4686229.3
12791;AP2791;01.12.2019 15:22;01.12.2019 15:22;327241.32;4690173;328960.27;4690512
12801;AP2801;01.12.2019 15:23;01.12.2019 15:23;326949.76;4687767.8;326591.427;4690477.7
12798;AP2798;01.12.2019 15:23;01.12.2019 15:23;327677.48;4687584;326949.76;4687767.8
12805;AP2805;01.12.2019 15:24;01.12.2019 15:24;326765.42;4689381.9;326584.59;4687114
12813;AP2813;01.12.2019 15:27;01.12.2019 15:27;330519.1;4689886;330386.12;4690842
12822;AP2822;01.12.2019 15:28;01.12.2019 15:28;331513.04;4690840.38;331062.8;4691776
12824;AP2824;01.12.2019 15:29;01.12.2019 15:29;330116.167;4690965.5;327089.5;4693481.3
12825;AP2825;01.12.2019 15:29;01.12.2019 15:29;329731.967;4688107.2;329576.97;4689773.2
12831;AP2831;01.12.2019 15:30;01.12.2019 15:30;327381.91;4688674.1;329142.722;4689445.4
12835;AP2835;01.12.2019 15:30;01.12.2019 15:30;327790.23;4688472.9;327014.51;4690478.8
12839;AP2839;01.12.2019 15:32;01.12.2019 15:32;327381.91;4688674.1;328864.49;4690835.2
12845;AP2845;01.12.2019 15:33;01.12.2019 15:33;327987.72;4689221.5;326821.7;4692453
12841;AP2841;01.12.2019 15:33;01.12.2019 15:33;330116.167;4690965.5;328619.3;4690347.7
12847;AP2847;01.12.2019 15:34;01.12.2019 15:34;328960.27;4690512;329019.648;4692611.3
12848;AP2848;01.12.2019 15:34;01.12.2019 15:34;327308.8;4689387.27;327987.72;4689221.5
12854;AP2854;01.12.2019 15:35;01.12.2019 15:35;329525.838;4690200.2;327381.91;4688674.1
12857;AP2857;01.12.2019 15:36;01.12.2019 15:36;328381.933;4689779.7;329731.967;4688107.2
12859;AP2859;01.12.2019 15:36;01.12.2019 15:36;331513.04;4690840.38;331062.8;4691776
12858;AP2858;01.12.2019 15:36;01.12.2019 15:36;331836.343;4690524;331062.8;4691776
12863;AP2863;01.12.2019 15:38;01.12.2019 15:38;331062.8;4691776;331312.951;4691022
12875;AP2875;01.12.2019 15:40;01.12.2019 15:40;328960.27;4690512;324335.699;4690754.4
12881;AP2881;01.12.2019 15:42;01.12.2019 15:42;328619.3;4690347.7;330116.167;4690965.5
12892;AP2892;01.12.2019 15:44;01.12.2019 15:44;330116.167;4690965.5;329525.838;4690200.2
12893;AP2893;01.12.2019 15:44;01.12.2019 15:44;327987.72;4689221.5;328641.36;4690542.5
12901;AP2901;01.12.2019 15:45;01.12.2019 15:45;326712.083;4690737;329731.967;4688107.2
12899;AP2899;01.12.2019 15:45;01.12.2019 15:45;327381.91;4688674.1;327790.23;4688472.9
12900;AP2900;01.12.2019 15:45;01.12.2019 15:45;331622.44;4690826.1;331062.8;4691776
12903;AP2903;01.12.2019 15:46;01.12.2019 15:46;330116.167;4690965.5;326957.55;4689676
12902;AP2902;01.12.2019 15:46;01.12.2019 15:46;327338.34;4692027.8;327987.72;4689221.5
12915;AP2915;01.12.2019 15:48;01.12.2019 15:48;327987.72;4689221.5;330621.26;4691012.9
12910;AP2910;01.12.2019 15:48;01.12.2019 15:48;326468.97;4689523.9;327987.72;4689221.5
12919;AP2919;01.12.2019 15:49;01.12.2019 15:49;330519.1;4689886;331513.04;4690840.38
12922;AP2922;01.12.2019 15:49;01.12.2019 15:49;330211.075;4691438.1;328960.27;4690512
12918;AP2918;01.12.2019 15:49;01.12.2019 15:49;327241.32;4690173;330116.167;4690965.5
12931;AP2931;01.12.2019 15:51;01.12.2019 15:51;331062.8;4691776;330702.9;4690925.3
12933;AP2933;01.12.2019 15:52;01.12.2019 15:52;328960.27;4690512;326821.7;4692453
12940;AP2940;01.12.2019 15:53;01.12.2019 15:53;326468.97;4689523.9;327987.72;4689221.5
12947;AP2947;01.12.2019 15:54;01.12.2019 15:54;330116.167;4690965.5;326955.276;4691839
12950;AP2950;01.12.2019 15:55;01.12.2019 15:55;327278.461;4690623.5;327014.51;4690478.8
12951;AP2951;01.12.2019 15:56;01.12.2019 15:56;329691.87;4690911;328960.27;4690512
12955;AP2955;01.12.2019 15:56;01.12.2019 15:56;328960.27;4690512;330021.47;4692441.6
12957;AP2957;01.12.2019 15:57;01.12.2019 15:57;329731.967;4688107.2;327278.461;4690623.5
12962;AP2962;01.12.2019 15:57;01.12.2019 15:57;329525.838;4690200.2;330116.167;4690965.5
12959;AP2959;01.12.2019 15:57;01.12.2019 15:57;328641.36;4690542.5;330116.167;4690965.5
12965;AP2965;01.12.2019 15:58;01.12.2019 15:58;331062.8;4691776;327257.43;4690683.8
12966;AP2966;01.12.2019 15:58;01.12.2019 15:58;330116.167;4690965.5;331312.951;4691022
12972;AP2972;01.12.2019 15:59;01.12.2019 15:59;327381.91;4688674.1;326765.42;4689381.9
12974;AP2974;01.12.2019 15:59;01.12.2019 15:59;325079.01;4691073.1;327014.51;4690478.8
12973;AP2973;01.12.2019 15:59;01.12.2019 15:59;331622.44;4690826.1;331062.8;4691776
12986;AP2986;01.12.2019 16:01;01.12.2019 16:01;326623.67;4688997.1;327987.72;4689221.5
12992;AP2992;01.12.2019 16:01;01.12.2019 16:01;328897.606;4690719.6;330519.1;4689886
12982;AP2982;01.12.2019 16:01;01.12.2019 16:01;332654.604;4690058.5;331062.8;4691776
13003;AP3003;01.12.2019 16:03;01.12.2019 16:03;328186.047;4690041;327381.91;4688674.1
13014;AP3014;01.12.2019 16:05;01.12.2019 16:05;325648.096;4688890.4;327987.72;4689221.5
13016;AP3016;01.12.2019 16:05;01.12.2019 16:05;330116.167;4690965.5;328542.91;4689685.4
13022;AP3022;01.12.2019 16:06;01.12.2019 16:06;328308.732;4692122.8;331062.8;4691776
13030;AP3030;01.12.2019 16:07;01.12.2019 16:07;331622.44;4690826.1;331062.8;4691776
13031;AP3031;01.12.2019 16:07;01.12.2019 16:07;330116.167;4690965.5;331115.57;4691467.3
13040;AP3040;01.12.2019 16:08;01.12.2019 16:08;327618.05;4691658.9;326584.59;4687114
13036;AP3036;01.12.2019 16:08;01.12.2019 16:08;325953.272;4693730;327014.51;4690478.8
13045;AP3045;01.12.2019 16:09;01.12.2019 16:09;327987.72;4689221.5;330021.47;4692441.6
13052;AP3052;01.12.2019 16:10;01.12.2019 16:10;327987.72;4689221.5;329142.722;4689445.4
13065;AP3065;01.12.2019 16:12;01.12.2019 16:12;325676.841;4692939.3;327014.51;4690478.8
13068;AP3068;01.12.2019 16:12;01.12.2019 16:12;329816.162;4683560;329245.807;4683759.4
13070;AP3070;01.12.2019 16:13;01.12.2019 16:13;331836.343;4690524;331062.8;4691776
13088;AP3088;01.12.2019 16:15;01.12.2019 16:15;330702.9;4690925.3;331062.8;4691776
13081;AP3081;01.12.2019 16:15;01.12.2019 16:15;326712.083;4690737;327381.91;4688674.1
13094;AP3094;01.12.2019 16:16;01.12.2019 16:16;331610.204;4691038.5;327987.72;4689221.5
13098;AP3098;01.12.2019 16:17;01.12.2019 16:17;330519.1;4689886;330688.69;4692107.4
13114;AP3114;01.12.2019 16:19;01.12.2019 16:19;331622.44;4690826.1;331062.8;4691776
13128;AP3128;01.12.2019 16:21;01.12.2019 16:21;325569.79;4692394.5;328960.27;4690512
13133;AP3133;01.12.2019 16:21;01.12.2019 16:21;329142.722;4689445.4;328960.27;4690512
13129;AP3129;01.12.2019 16:21;01.12.2019 16:21;327764.59;4692563.9;327014.51;4690478.8
13137;AP3137;01.12.2019 16:22;01.12.2019 16:22;326657.415;4689074.7;327381.91;4688674.1
13138;AP3138;01.12.2019 16:22;01.12.2019 16:22;326732.91;4691642;327987.72;4689221.5
13150;AP3150;01.12.2019 16:23;01.12.2019 16:23;330067.99;4691252.2;328960.27;4690512
13158;AP3158;01.12.2019 16:24;01.12.2019 16:24;326765.42;4689381.9;326584.59;4687114
13178;AP3178;01.12.2019 16:26;01.12.2019 16:26;327987.72;4689221.5;328619.3;4690347.7
13173;AP3173;01.12.2019 16:26;01.12.2019 16:26;330365.093;4693119.3;331062.8;4691776
13170;AP3170;01.12.2019 16:26;01.12.2019 16:26;329142.722;4689445.4;328960.27;4690512
13175;AP3175;01.12.2019 16:26;01.12.2019 16:26;325379.68;4693395.6;328960.27;4690512
13177;AP3177;01.12.2019 16:26;01.12.2019 16:26;326955.276;4691839;328960.27;4690512
13185;AP3185;01.12.2019 16:27;01.12.2019 16:27;328960.27;4690512;328897.606;4690719.6
13189;AP3189;01.12.2019 16:27;01.12.2019 16:27;330389.01;4691780.43;327987.72;4689221.5
13186;AP3186;01.12.2019 16:27;01.12.2019 16:27;331622.44;4690826.1;331062.8;4691776
13188;AP3188;01.12.2019 16:27;01.12.2019 16:27;331622.44;4690826.1;330519.1;4689886
13195;AP3195;01.12.2019 16:28;01.12.2019 16:28;327764.59;4692563.9;327014.51;4690478.8
13204;AP3204;01.12.2019 16:29;01.12.2019 16:29;330116.167;4690965.5;325569.74;4693395
13205;AP3205;01.12.2019 16:29;01.12.2019 16:29;329139.34;4689893.8;326584.59;4687114
13208;AP3208;01.12.2019 16:30;01.12.2019 16:30;326657.415;4689074.7;327381.91;4688674.1
13207;AP3207;01.12.2019 16:30;01.12.2019 16:30;326468.97;4689523.9;327987.72;4689221.5
13215;AP3215;01.12.2019 16:31;01.12.2019 16:31;329306.04;4690666;330116.167;4690965.5
13214;AP3214;01.12.2019 16:31;01.12.2019 16:31;330621.26;4691012.9;331062.8;4691776
13228;AP3228;01.12.2019 16:32;01.12.2019 16:32;328186.047;4690041;327987.72;4689221.5
13224;AP3224;01.12.2019 16:32;01.12.2019 16:32;327014.51;4690478.8;325472.47;4691000.1
13222;AP3222;01.12.2019 16:32;01.12.2019 16:32;325569.79;4692394.5;328960.27;4690512
13239;AP3239;01.12.2019 16:33;01.12.2019 16:33;329359.54;4693105.7;330519.1;4689886
13252;AP3252;01.12.2019 16:34;01.12.2019 16:34;327987.72;4689221.5;327618.05;4691658.9
13251;AP3251;01.12.2019 16:34;01.12.2019 16:34;323621.3;4691587.5;327014.51;4690478.8
13260;AP3260;01.12.2019 16:35;01.12.2019 16:35;328960.27;4690512;330021.47;4692441.6
13256;AP3256;01.12.2019 16:35;01.12.2019 16:35;330389.01;4691780.43;327987.72;4689221.5
13262;AP3262;01.12.2019 16:36;01.12.2019 16:36;330977.34;4687381.6;331452.383;4687206.2
13264;AP3264;01.12.2019 16:37;01.12.2019 16:37;328919.185;4689763.9;330519.1;4689886
13276;AP3276;01.12.2019 16:39;01.12.2019 16:39;331312.951;4691022;330116.167;4690965.5
13283;AP3283;01.12.2019 16:39;01.12.2019 16:39;331062.8;4691776;329359.54;4693105.7
13294;AP3294;01.12.2019 16:41;01.12.2019 16:41;328960.27;4690512;328542.91;4689685.4
13301;AP3301;01.12.2019 16:42;01.12.2019 16:42;327014.51;4690478.8;325472.47;4691000.1
13300;AP3300;01.12.2019 16:42;01.12.2019 16:42;331312.951;4691022;326584.59;4687114
13302;AP3302;01.12.2019 16:42;01.12.2019 16:42;329142.722;4689445.4;326584.59;4687114
13314;AP3314;01.12.2019 16:43;01.12.2019 16:43;327338.34;4692027.8;328960.27;4690512
13312;AP3312;01.12.2019 16:43;01.12.2019 16:43;328713.79;4692455;328960.27;4690512
13331;AP3331;01.12.2019 16:46;01.12.2019 16:46;331062.8;4691776;330621.26;4691012.9
13342;AP3342;01.12.2019 16:47;01.12.2019 16:47;328960.27;4690512;328186.047;4690041
13348;AP3348;01.12.2019 16:48;01.12.2019 16:48;328678.69;4692023.9;327014.51;4690478.8
13349;AP3349;01.12.2019 16:48;01.12.2019 16:48;331312.951;4691022;330116.167;4690965.5
13346;AP3346;01.12.2019 16:48;01.12.2019 16:48;330580.3;4692080;331062.8;4691776
13361;AP3361;01.12.2019 16:50;01.12.2019 16:50;330997.711;4691582.6;330116.167;4690965.5
13366;AP3366;01.12.2019 16:50;01.12.2019 16:50;328960.27;4690512;329142.722;4689445.4
13359;AP3359;01.12.2019 16:50;01.12.2019 16:50;330067.99;4691252.2;329731.967;4688107.2
13373;AP3373;01.12.2019 16:52;01.12.2019 16:52;325913.005;4691603.2;327014.51;4690478.8
13375;AP3375;01.12.2019 16:52;01.12.2019 16:52;327381.91;4688674.1;326657.415;4689074.7
13379;AP3379;01.12.2019 16:53;01.12.2019 16:53;327987.72;4689221.5;328186.047;4690041
13381;AP3381;01.12.2019 16:53;01.12.2019 16:53;325726.52;4685352.7;326322.517;4686410.8
13393;AP3393;01.12.2019 16:54;01.12.2019 16:54;326284.37;4685962.9;326949.76;4687767.8
13386;AP3386;01.12.2019 16:54;01.12.2019 16:54;327338.34;4692027.8;327014.51;4690478.8
13394;AP3394;01.12.2019 16:55;01.12.2019 16:55;326147.22;4687658.1;326322.517;4686410.8
13403;AP3403;01.12.2019 16:56;01.12.2019 16:56;331610.204;4691038.5;327014.51;4690478.8
13417;AP3417;01.12.2019 16:57;01.12.2019 16:57;326765.42;4689381.9;327381.91;4688674.1
13416;AP3416;01.12.2019 16:57;01.12.2019 16:57;328960.27;4690512;328395.4;4687170.31
13410;AP3410;01.12.2019 16:57;01.12.2019 16:57;326949.76;4687767.8;326284.37;4685962.9
13422;AP3422;01.12.2019 16:58;01.12.2019 16:58;330702.9;4690925.3;331062.8;4691776
13425;AP3425;01.12.2019 16:58;01.12.2019 16:58;326147.22;4687658.1;330977.34;4687381.6
13429;AP3429;01.12.2019 16:58;01.12.2019 16:58;328097.043;4692268.6;328960.27;4690512
13426;AP3426;01.12.2019 16:58;01.12.2019 16:58;328186.047;4690041;328960.27;4690512
13424;AP3424;01.12.2019 16:58;01.12.2019 16:58;331513.04;4690840.38;327987.72;4689221.5
13447;AP3447;01.12.2019 17:00;01.12.2019 17:00;327987.72;4689221.5;328537.614;4688827.2
13442;AP3442;01.12.2019 17:00;01.12.2019 17:00;329142.722;4689445.4;328960.27;4690512
13444;AP3444;01.12.2019 17:00;01.12.2019 17:00;326468.97;4689523.9;327014.51;4690478.8
13440;AP3440;01.12.2019 17:00;01.12.2019 17:00;326322.517;4686410.8;328897.606;4690719.6
13457;AP3457;01.12.2019 17:01;01.12.2019 17:01;330116.167;4690965.5;328619.3;4690347.7
13455;AP3455;01.12.2019 17:01;01.12.2019 17:01;330389.01;4691780.43;329702.7;4684365.6
13458;AP3458;01.12.2019 17:01;01.12.2019 17:01;327338.34;4692027.8;327014.51;4690478.8
13468;AP3468;01.12.2019 17:02;01.12.2019 17:02;331115.57;4691467.3;330977.34;4687381.6
13465;AP3465;01.12.2019 17:02;01.12.2019 17:02;327987.72;4689221.5;328395.4;4687170.31
13472;AP3472;01.12.2019 17:02;01.12.2019 17:02;328960.27;4690512;330386.12;4690842
13459;AP3459;01.12.2019 17:02;01.12.2019 17:02;327608.62;4687081.7;326949.76;4687767.8
13471;AP3471;01.12.2019 17:02;01.12.2019 17:02;329142.722;4689445.4;330519.1;4689886
13474;AP3474;01.12.2019 17:02;01.12.2019 17:02;327677.48;4687584;326322.517;4686410.8
13476;AP3476;01.12.2019 17:03;01.12.2019 17:03;329142.722;4689445.4;328960.27;4690512
13482;AP3482;01.12.2019 17:04;01.12.2019 17:04;330389.01;4691780.43;329702.7;4684365.6
13486;AP3486;01.12.2019 17:04;01.12.2019 17:04;330116.167;4690965.5;327488.102;4694058.9
13491;AP3491;01.12.2019 17:04;01.12.2019 17:04;326468.97;4689523.9;326949.76;4687767.8
13495;AP3495;01.12.2019 17:05;01.12.2019 17:05;330389.01;4691780.43;329702.7;4684365.6
13499;AP3499;01.12.2019 17:05;01.12.2019 17:05;328619.3;4690347.7;330519.1;4689886
13500;AP3500;01.12.2019 17:05;01.12.2019 17:05;328619.3;4690347.7;328960.27;4690512
13513;AP3513;01.12.2019 17:06;01.12.2019 17:06;327764.59;4692563.9;328960.27;4690512
13507;AP3507;01.12.2019 17:06;01.12.2019 17:06;329142.722;4689445.4;328960.27;4690512
13510;AP3510;01.12.2019 17:06;01.12.2019 17:06;328960.27;4690512;325090.05;4689888.1
13506;AP3506;01.12.2019 17:06;01.12.2019 17:06;327987.72;4689221.5;329707.29;4690995.37
13509;AP3509;01.12.2019 17:06;01.12.2019 17:06;328040.031;4692137.4;327014.51;4690478.8
13521;AP3521;01.12.2019 17:07;01.12.2019 17:07;328040.031;4692137.4;328960.27;4690512
13525;AP3525;01.12.2019 17:07;01.12.2019 17:07;327014.51;4690478.8;325090.05;4689888.1
13564;AP3564;01.12.2019 17:11;01.12.2019 17:11;329142.722;4689445.4;328960.27;4690512
13562;AP3562;01.12.2019 17:11;01.12.2019 17:11;327987.72;4689221.5;326957.55;4689676
13559;AP3559;01.12.2019 17:11;01.12.2019 17:11;327987.72;4689221.5;326957.55;4689676
13569;AP3569;01.12.2019 17:12;01.12.2019 17:12;329024.98;4693021.8;327014.51;4690478.8
13570;AP3570;01.12.2019 17:12;01.12.2019 17:12;326468.97;4689523.9;330727.12;4686305.5
13581;AP3581;01.12.2019 17:13;01.12.2019 17:13;329731.967;4688107.2;330781.882;4687392
13587;AP3587;01.12.2019 17:13;01.12.2019 17:13;331062.8;4691776;332041.02;4689067.22
13579;AP3579;01.12.2019 17:13;01.12.2019 17:13;327764.59;4692563.9;327014.51;4690478.8
13586;AP3586;01.12.2019 17:13;01.12.2019 17:13;326765.42;4689381.9;326949.76;4687767.8
13589;AP3589;01.12.2019 17:14;01.12.2019 17:14;327089.5;4693481.3;330519.1;4689886
13611;AP3611;01.12.2019 17:15;01.12.2019 17:15;326623.67;4688997.1;327381.91;4688674.1
13605;AP3605;01.12.2019 17:15;01.12.2019 17:15;327241.32;4690173;327381.91;4688674.1
13615;AP3615;01.12.2019 17:16;01.12.2019 17:16;328960.27;4690512;330386.12;4690842
13629;AP3629;01.12.2019 17:17;01.12.2019 17:17;331062.8;4691776;332041.02;4689067.22
13631;AP3631;01.12.2019 17:17;01.12.2019 17:17;327381.91;4688674.1;330549.6;4691678.49
13633;AP3633;01.12.2019 17:18;01.12.2019 17:18;331622.44;4690826.1;331062.8;4691776
13641;AP3641;01.12.2019 17:18;01.12.2019 17:18;325910.78;4692647.9;328960.27;4690512
13642;AP3642;01.12.2019 17:18;01.12.2019 17:18;328725.71;4690686.1;330519.1;4689886
13637;AP3637;01.12.2019 17:18;01.12.2019 17:18;327014.51;4690478.8;325648.096;4688890.4
13652;AP3652;01.12.2019 17:19;01.12.2019 17:19;328960.27;4690512;330386.12;4690842
13650;AP3650;01.12.2019 17:19;01.12.2019 17:19;328309.728;4688502.3;326322.517;4686410.8
13646;AP3646;01.12.2019 17:19;01.12.2019 17:19;331062.8;4691776;331312.951;4691022
13657;AP3657;01.12.2019 17:20;01.12.2019 17:20;328960.27;4690512;331427.095;4689106.1
13667;AP3667;01.12.2019 17:21;01.12.2019 17:21;327381.91;4688674.1;330549.6;4691678.49
13682;AP3682;01.12.2019 17:23;01.12.2019 17:23;330001.12;4690169.1;328960.27;4690512
13684;AP3684;01.12.2019 17:23;01.12.2019 17:23;331115.57;4691467.3;330977.34;4687381.6
13680;AP3680;01.12.2019 17:23;01.12.2019 17:23;329142.722;4689445.4;326949.76;4687767.8
13713;AP3713;01.12.2019 17:26;01.12.2019 17:26;325726.52;4685352.7;326322.517;4686410.8
13717;AP3717;01.12.2019 17:26;01.12.2019 17:26;328186.047;4690041;326322.517;4686410.8
13716;AP3716;01.12.2019 17:26;01.12.2019 17:26;327618.05;4691658.9;327014.51;4690478.8
13710;AP3710;01.12.2019 17:26;01.12.2019 17:26;327987.72;4689221.5;327790.23;4688472.9
13725;AP3725;01.12.2019 17:27;01.12.2019 17:27;331622.44;4690826.1;331062.8;4691776
13728;AP3728;01.12.2019 17:28;01.12.2019 17:28;326765.42;4689381.9;327987.72;4689221.5
13736;AP3736;01.12.2019 17:29;01.12.2019 17:29;329731.967;4688107.2;329115.04;4694850
13733;AP3733;01.12.2019 17:29;01.12.2019 17:29;322891.917;4690760;330116.167;4690965.5
13742;AP3742;01.12.2019 17:30;01.12.2019 17:30;330702.9;4690925.3;331062.8;4691776
13747;AP3747;01.12.2019 17:30;01.12.2019 17:30;330519.1;4689886;331513.04;4690840.38
13757;AP3757;01.12.2019 17:31;01.12.2019 17:31;330727.12;4686305.5;331427.095;4689106.1
13759;AP3759;01.12.2019 17:31;01.12.2019 17:31;328960.27;4690512;328919.185;4689763.9
13770;AP3770;01.12.2019 17:32;01.12.2019 17:32;328960.27;4690512;331427.095;4689106.1
13778;AP3778;01.12.2019 17:33;01.12.2019 17:33;327618.05;4691658.9;327014.51;4690478.8
13775;AP3775;01.12.2019 17:33;01.12.2019 17:33;330702.9;4690925.3;331062.8;4691776
13784;AP3784;01.12.2019 17:34;01.12.2019 17:34;332897.69;4690056.2;330116.167;4690965.5
13783;AP3783;01.12.2019 17:34;01.12.2019 17:34;328725.71;4690686.1;330116.167;4690965.5
13785;AP3785;01.12.2019 17:34;01.12.2019 17:34;329142.722;4689445.4;328960.27;4690512
13799;AP3799;01.12.2019 17:36;01.12.2019 17:36;328897.606;4690719.6;326949.76;4687767.8
13813;AP3813;01.12.2019 17:36;01.12.2019 17:36;326284.37;4685962.9;326322.517;4686410.8
13829;AP3829;01.12.2019 17:38;01.12.2019 17:38;329142.722;4689445.4;328960.27;4690512
13840;AP3840;01.12.2019 17:39;01.12.2019 17:39;328897.606;4690719.6;326322.517;4686410.8
13833;AP3833;01.12.2019 17:39;01.12.2019 17:39;327291.52;4693122.2;327987.72;4689221.5
13842;AP3842;01.12.2019 17:39;01.12.2019 17:39;327987.72;4689221.5;326591.427;4690477.7
13839;AP3839;01.12.2019 17:39;01.12.2019 17:39;329576.97;4689773.2;329731.967;4688107.2
13855;AP3855;01.12.2019 17:40;01.12.2019 17:40;328619.3;4690347.7;329702.7;4684365.6
13856;AP3856;01.12.2019 17:40;01.12.2019 17:40;332654.604;4690058.5;330116.167;4690965.5
13857;AP3857;01.12.2019 17:41;01.12.2019 17:41;330116.167;4690965.5;329139.34;4689893.8
13862;AP3862;01.12.2019 17:42;01.12.2019 17:42;323206.71;4691683.3;329731.967;4688107.2
13861;AP3861;01.12.2019 17:42;01.12.2019 17:42;330211.075;4691438.1;326322.517;4686410.8
13869;AP3869;01.12.2019 17:43;01.12.2019 17:43;330923.47;4690026.9;331062.8;4691776
13867;AP3867;01.12.2019 17:43;01.12.2019 17:43;328721.78;4689076.2;327987.72;4689221.5
13876;AP3876;01.12.2019 17:44;01.12.2019 17:44;326468.97;4689523.9;327987.72;4689221.5
13884;AP3884;01.12.2019 17:44;01.12.2019 17:44;326765.42;4689381.9;327014.51;4690478.8
13877;AP3877;01.12.2019 17:44;01.12.2019 17:44;326955.276;4691839;328960.27;4690512
13891;AP3891;01.12.2019 17:45;01.12.2019 17:45;326821.7;4692453;330116.167;4690965.5
13913;AP3913;01.12.2019 17:46;01.12.2019 17:46;327488.102;4694058.9;327381.91;4688674.1
13906;AP3906;01.12.2019 17:46;01.12.2019 17:46;329865.828;4690542.38;330727.12;4686305.5
13911;AP3911;01.12.2019 17:46;01.12.2019 17:46;327091.95;4689281.4;327987.72;4689221.5
13902;AP3902;01.12.2019 17:46;01.12.2019 17:46;328960.27;4690512;329437.881;4691913.5
13905;AP3905;01.12.2019 17:46;01.12.2019 17:46;328960.27;4690512;329285.36;4691333.2
13928;AP3928;01.12.2019 17:47;01.12.2019 17:47;328960.27;4690512;325648.096;4688890.4
13924;AP3924;01.12.2019 17:47;01.12.2019 17:47;328960.27;4690512;330389.01;4691780.43
13925;AP3925;01.12.2019 17:47;01.12.2019 17:47;326949.76;4687767.8;326147.22;4687658.1
13919;AP3919;01.12.2019 17:47;01.12.2019 17:47;332654.604;4690058.5;331062.8;4691776
13933;AP3933;01.12.2019 17:48;01.12.2019 17:48;330116.167;4690965.5;328542.91;4689685.4
13930;AP3930;01.12.2019 17:48;01.12.2019 17:48;326657.415;4689074.7;327381.91;4688674.1
13935;AP3935;01.12.2019 17:48;01.12.2019 17:48;329576.97;4689773.2;329731.967;4688107.2
13942;AP3942;01.12.2019 17:49;01.12.2019 17:49;328960.27;4690512;330549.6;4691678.49
13946;AP3946;01.12.2019 17:50;01.12.2019 17:50;328960.27;4690512;328919.185;4689763.9
13955;AP3955;01.12.2019 17:51;01.12.2019 17:51;326712.083;4690737;327014.51;4690478.8
13958;AP3958;01.12.2019 17:51;01.12.2019 17:51;325726.52;4685352.7;326322.517;4686410.8
13950;AP3950;01.12.2019 17:51;01.12.2019 17:51;326591.427;4690477.7;327987.72;4689221.5
13963;AP3963;01.12.2019 17:52;01.12.2019 17:52;327257.43;4690683.8;329731.967;4688107.2
13969;AP3969;01.12.2019 17:53;01.12.2019 17:53;328960.27;4690512;323867.7;4694622.6
13974;AP3974;01.12.2019 17:54;01.12.2019 17:54;331062.8;4691776;332041.02;4689067.22
13984;AP3984;01.12.2019 17:55;01.12.2019 17:55;330116.167;4690965.5;326502.21;4694498.2
13978;AP3978;01.12.2019 17:55;01.12.2019 17:55;329285.36;4691333.2;328960.27;4690512
13996;AP3996;01.12.2019 17:56;01.12.2019 17:56;330621.26;4691012.9;331062.8;4691776
13992;AP3992;01.12.2019 17:56;01.12.2019 17:56;327987.72;4689221.5;326957.55;4689676
13999;AP3999;01.12.2019 17:57;01.12.2019 17:57;328186.047;4690041;326584.59;4687114
14011;AP4011;01.12.2019 17:58;01.12.2019 17:58;328721.78;4689076.2;327987.72;4689221.5
14009;AP4009;01.12.2019 17:58;01.12.2019 17:58;327987.72;4689221.5;326284.37;4685962.9
14006;AP4006;01.12.2019 17:58;01.12.2019 17:58;329024.98;4693021.8;328960.27;4690512
14012;AP4012;01.12.2019 17:59;01.12.2019 17:59;325379.68;4693395.6;328960.27;4690512
14014;AP4014;01.12.2019 17:59;01.12.2019 17:59;330116.167;4690965.5;329285.36;4691333.2
14015;AP4015;01.12.2019 17:59;01.12.2019 17:59;327987.72;4689221.5;328529.27;4689502.7
14022;AP4022;01.12.2019 18:00;01.12.2019 18:00;326949.76;4687767.8;325726.52;4685352.7
14030;AP4030;01.12.2019 18:02;01.12.2019 18:02;328960.27;4690512;327241.32;4690173
14039;AP4039;01.12.2019 18:04;01.12.2019 18:04;328960.27;4690512;325570.863;4694892.8
14040;AP4040;01.12.2019 18:04;01.12.2019 18:04;326322.517;4686410.8;325651.61;4686258.1
14044;AP4044;01.12.2019 18:04;01.12.2019 18:04;329142.722;4689445.4;326584.59;4687114
14053;AP4053;01.12.2019 18:05;01.12.2019 18:05;326789.32;4694224;327014.51;4690478.8
14051;AP4051;01.12.2019 18:05;01.12.2019 18:05;330116.167;4690965.5;328040.031;4692137.4
14052;AP4052;01.12.2019 18:05;01.12.2019 18:05;328960.27;4690512;329285.36;4691333.2
14063;AP4063;01.12.2019 18:07;01.12.2019 18:07;331118.9;4692214.8;331062.8;4691776
14061;AP4061;01.12.2019 18:07;01.12.2019 18:07;327987.72;4689221.5;324574.829;4683842.5
14068;AP4068;01.12.2019 18:08;01.12.2019 18:08;326949.76;4687767.8;329437.881;4691913.5
14074;AP4074;01.12.2019 18:08;01.12.2019 18:08;326147.22;4687658.1;326584.59;4687114
14090;AP4090;01.12.2019 18:10;01.12.2019 18:10;328381.933;4689779.7;327381.91;4688674.1
14088;AP4088;01.12.2019 18:10;01.12.2019 18:10;331062.8;4691776;332041.02;4689067.22
14092;AP4092;01.12.2019 18:11;01.12.2019 18:11;329702.7;4684365.6;329245.807;4683759.4
14091;AP4091;01.12.2019 18:11;01.12.2019 18:11;327987.72;4689221.5;327790.23;4688472.9
14099;AP4099;01.12.2019 18:12;01.12.2019 18:12;325651.61;4686258.1;326322.517;4686410.8
14100;AP4100;01.12.2019 18:12;01.12.2019 18:12;328960.27;4690512;329142.722;4689445.4
14103;AP4103;01.12.2019 18:13;01.12.2019 18:13;331513.04;4690840.38;330519.1;4689886
14104;AP4104;01.12.2019 18:13;01.12.2019 18:13;328460.08;4692098.4;330116.167;4690965.5
14111;AP4111;01.12.2019 18:13;01.12.2019 18:13;330116.167;4690965.5;328619.3;4690347.7
14115;AP4115;01.12.2019 18:14;01.12.2019 18:14;327618.05;4691658.9;331062.8;4691776
14117;AP4117;01.12.2019 18:14;01.12.2019 18:14;326322.517;4686410.8;325620.32;4685924.6
14125;AP4125;01.12.2019 18:15;01.12.2019 18:15;328960.27;4690512;329285.36;4691333.2
14127;AP4127;01.12.2019 18:15;01.12.2019 18:15;326623.67;4688997.1;327381.91;4688674.1
14128;AP4128;01.12.2019 18:15;01.12.2019 18:15;331062.8;4691776;330549.6;4691678.49
14124;AP4124;01.12.2019 18:15;01.12.2019 18:15;330116.167;4690965.5;328897.606;4690719.6
14143;AP4143;01.12.2019 18:16;01.12.2019 18:16;326322.517;4686410.8;325726.52;4685352.7
14136;AP4136;01.12.2019 18:16;01.12.2019 18:16;329437.881;4691913.5;330116.167;4690965.5
14141;AP4141;01.12.2019 18:16;01.12.2019 18:16;330211.075;4691438.1;329702.7;4684365.6
14153;AP4153;01.12.2019 18:18;01.12.2019 18:18;328960.27;4690512;323867.7;4694622.6
14150;AP4150;01.12.2019 18:18;01.12.2019 18:18;330519.1;4689886;330127.681;4690003.1
14164;AP4164;01.12.2019 18:19;01.12.2019 18:19;330116.167;4690965.5;331051.57;4688478.7
14158;AP4158;01.12.2019 18:19;01.12.2019 18:19;326322.517;4686410.8;326076.78;4688308.6
14178;AP4178;01.12.2019 18:21;01.12.2019 18:21;325726.52;4685352.7;326949.76;4687767.8
14174;AP4174;01.12.2019 18:21;01.12.2019 18:21;326955.276;4691839;330116.167;4690965.5
14176;AP4176;01.12.2019 18:21;01.12.2019 18:21;326147.22;4687658.1;326949.76;4687767.8
14183;AP4183;01.12.2019 18:22;01.12.2019 18:22;329142.722;4689445.4;328960.27;4690512
14182;AP4182;01.12.2019 18:22;01.12.2019 18:22;329731.967;4688107.2;327241.32;4690173
14185;AP4185;01.12.2019 18:22;01.12.2019 18:22;325726.52;4685352.7;326322.517;4686410.8
14188;AP4188;01.12.2019 18:23;01.12.2019 18:23;327241.32;4690173;327381.91;4688674.1
14195;AP4195;01.12.2019 18:25;01.12.2019 18:25;327677.48;4687584;327987.72;4689221.5
14197;AP4197;01.12.2019 18:25;01.12.2019 18:25;327987.72;4689221.5;324688.9;4690449.8
14201;AP4201;01.12.2019 18:26;01.12.2019 18:26;328960.27;4690512;330386.12;4690842
14200;AP4200;01.12.2019 18:26;01.12.2019 18:26;326765.42;4689381.9;326949.76;4687767.8
14205;AP4205;01.12.2019 18:27;01.12.2019 18:27;331115.57;4691467.3;331062.8;4691776
14221;AP4221;01.12.2019 18:30;01.12.2019 18:30;327987.72;4689221.5;328542.91;4689685.4
14216;AP4216;01.12.2019 18:30;01.12.2019 18:30;328960.27;4690512;328919.185;4689763.9
14220;AP4220;01.12.2019 18:30;01.12.2019 18:30;330519.1;4689886;330781.882;4687392
14222;AP4222;01.12.2019 18:30;01.12.2019 18:30;326322.517;4686410.8;326284.37;4685962.9
14231;AP4231;01.12.2019 18:31;01.12.2019 18:31;331622.44;4690826.1;331062.8;4691776
14223;AP4223;01.12.2019 18:31;01.12.2019 18:31;330702.9;4690925.3;330519.1;4689886
14232;AP4232;01.12.2019 18:31;01.12.2019 18:31;328040.031;4692137.4;330116.167;4690965.5
14237;AP4237;01.12.2019 18:32;01.12.2019 18:32;329306.04;4690666;330116.167;4690965.5
14239;AP4239;01.12.2019 18:32;01.12.2019 18:32;328186.047;4690041;329731.967;4688107.2
14234;AP4234;01.12.2019 18:32;01.12.2019 18:32;327987.72;4689221.5;330021.47;4692441.6
14235;AP4235;01.12.2019 18:32;01.12.2019 18:32;327091.95;4689281.4;327987.72;4689221.5
14236;AP4236;01.12.2019 18:32;01.12.2019 18:32;328960.27;4690512;328395.4;4687170.31
14265;AP4265;01.12.2019 18:36;01.12.2019 18:36;327987.72;4689221.5;328897.606;4690719.6
14258;AP4258;01.12.2019 18:36;01.12.2019 18:36;326949.76;4687767.8;327677.48;4687584
14268;AP4268;01.12.2019 18:37;01.12.2019 18:37;328542.91;4689685.4;329816.162;4683560
14269;AP4269;01.12.2019 18:37;01.12.2019 18:37;325379.68;4693395.6;328960.27;4690512
14270;AP4270;01.12.2019 18:37;01.12.2019 18:37;330116.167;4690965.5;331312.951;4691022
14267;AP4267;01.12.2019 18:37;01.12.2019 18:37;328186.047;4690041;328960.27;4690512
14276;AP4276;01.12.2019 18:38;01.12.2019 18:38;330977.34;4687381.6;330549.6;4691678.49
14279;AP4279;01.12.2019 18:39;01.12.2019 18:39;329142.722;4689445.4;328960.27;4690512
14281;AP4281;01.12.2019 18:39;01.12.2019 18:39;327381.91;4688674.1;327797.24;4692102.4
14284;AP4284;01.12.2019 18:39;01.12.2019 18:39;328960.27;4690512;325050.39;4692348.4
14282;AP4282;01.12.2019 18:39;01.12.2019 18:39;330519.1;4689886;331005.95;4689466.2
14288;AP4288;01.12.2019 18:41;01.12.2019 18:41;327987.72;4689221.5;328529.27;4689502.7
14291;AP4291;01.12.2019 18:41;01.12.2019 18:41;331062.8;4691776;330702.9;4690925.3
14299;AP4299;01.12.2019 18:42;01.12.2019 18:42;327987.72;4689221.5;330127.681;4690003.1
14301;AP4301;01.12.2019 18:42;01.12.2019 18:42;329142.722;4689445.4;326322.517;4686410.8
14309;AP4309;01.12.2019 18:44;01.12.2019 18:44;326821.7;4692453;329731.967;4688107.2
14307;AP4307;01.12.2019 18:44;01.12.2019 18:44;329865.828;4690542.38;328960.27;4690512
14306;AP4306;01.12.2019 18:44;01.12.2019 18:44;330977.34;4687381.6;331452.383;4687206.2
14319;AP4319;01.12.2019 18:45;01.12.2019 18:45;329142.722;4689445.4;328960.27;4690512
14318;AP4318;01.12.2019 18:45;01.12.2019 18:45;326765.42;4689381.9;326949.76;4687767.8
14325;AP4325;01.12.2019 18:47;01.12.2019 18:47;329816.162;4683560;329245.807;4683759.4
14331;AP4331;01.12.2019 18:48;01.12.2019 18:48;328960.27;4690512;329815.423;4690832.5
14339;AP4339;01.12.2019 18:49;01.12.2019 18:49;328460.08;4692098.4;330116.167;4690965.5
14345;AP4345;01.12.2019 18:50;01.12.2019 18:50;329142.722;4689445.4;328960.27;4690512
14350;AP4350;01.12.2019 18:51;01.12.2019 18:51;331062.8;4691776;331005.95;4689466.2
14349;AP4349;01.12.2019 18:51;01.12.2019 18:51;327308.8;4689387.27;327987.72;4689221.5
14351;AP4351;01.12.2019 18:52;01.12.2019 18:52;330977.34;4687381.6;331452.383;4687206.2
14354;AP4354;01.12.2019 18:52;01.12.2019 18:52;327241.32;4690173;330116.167;4690965.5
14364;AP4364;01.12.2019 18:54;01.12.2019 18:54;326468.97;4689523.9;327987.72;4689221.5
14366;AP4366;01.12.2019 18:56;01.12.2019 18:56;330116.167;4690965.5;329285.36;4691333.2
14370;AP4370;01.12.2019 18:56;01.12.2019 18:56;327381.91;4688674.1;328529.27;4689502.7
14371;AP4371;01.12.2019 18:56;01.12.2019 18:56;330116.167;4690965.5;328619.3;4690347.7
14369;AP4369;01.12.2019 18:56;01.12.2019 18:56;327987.72;4689221.5;326623.67;4688997.1
14379;AP4379;01.12.2019 18:59;01.12.2019 18:59;330116.167;4690965.5;330997.711;4691582.6
14382;AP4382;01.12.2019 18:59;01.12.2019 18:59;329576.97;4689773.2;329731.967;4688107.2
14384;AP4384;01.12.2019 19:00;01.12.2019 19:00;328725.71;4690686.1;330519.1;4689886
14388;AP4388;01.12.2019 19:00;01.12.2019 19:00;328960.27;4690512;328395.4;4687170.31
14399;AP4399;01.12.2019 19:01;01.12.2019 19:01;326957.55;4689676;326949.76;4687767.8
14394;AP4394;01.12.2019 19:01;01.12.2019 19:01;330116.167;4690965.5;329923.52;4691948.2
14405;AP4405;01.12.2019 19:02;01.12.2019 19:02;330116.167;4690965.5;330211.075;4691438.1
14402;AP4402;01.12.2019 19:02;01.12.2019 19:02;328960.27;4690512;323794.91;4689550.4
14406;AP4406;01.12.2019 19:02;01.12.2019 19:02;327091.95;4689281.4;326584.59;4687114
14409;AP4409;01.12.2019 19:03;01.12.2019 19:03;328960.27;4690512;329142.722;4689445.4
14410;AP4410;01.12.2019 19:03;01.12.2019 19:03;328529.27;4689502.7;327987.72;4689221.5
14427;AP4427;01.12.2019 19:06;01.12.2019 19:06;330116.167;4690965.5;328725.71;4690686.1
14436;AP4436;01.12.2019 19:07;01.12.2019 19:07;330116.167;4690965.5;326955.276;4691839
14451;AP4451;01.12.2019 19:10;01.12.2019 19:10;328960.27;4690512;329437.881;4691913.5
14465;AP4465;01.12.2019 19:12;01.12.2019 19:12;328960.27;4690512;329576.97;4689773.2
14472;AP4472;01.12.2019 19:13;01.12.2019 19:13;327987.72;4689221.5;328395.4;4687170.31
14482;AP4482;01.12.2019 19:15;01.12.2019 19:15;330519.1;4689886;329576.97;4689773.2
14498;AP4498;01.12.2019 19:19;01.12.2019 19:19;330116.167;4690965.5;329437.881;4691913.5
14504;AP4504;01.12.2019 19:20;01.12.2019 19:20;329525.838;4690200.2;330977.34;4687381.6
14511;AP4511;01.12.2019 19:22;01.12.2019 19:22;327381.91;4688674.1;325726.52;4685352.7
14512;AP4512;01.12.2019 19:23;01.12.2019 19:23;326623.67;4688997.1;327381.91;4688674.1
14533;AP4533;01.12.2019 19:30;01.12.2019 19:30;329142.722;4689445.4;327987.72;4689221.5
14535;AP4535;01.12.2019 19:31;01.12.2019 19:31;330116.167;4690965.5;329142.722;4689445.4
14539;AP4539;01.12.2019 19:32;01.12.2019 19:32;326821.7;4692453;327014.51;4690478.8
14545;AP4545;01.12.2019 19:33;01.12.2019 19:33;330923.47;4690026.9;330977.34;4687381.6
14540;AP4540;01.12.2019 19:33;01.12.2019 19:33;332654.604;4690058.5;331062.8;4691776
14548;AP4548;01.12.2019 19:34;01.12.2019 19:34;327381.91;4688674.1;326957.55;4689676
14549;AP4549;01.12.2019 19:34;01.12.2019 19:34;330519.1;4689886;332041.02;4689067.22
14582;AP4582;01.12.2019 19:43;01.12.2019 19:43;328960.27;4690512;329285.36;4691333.2
14581;AP4581;01.12.2019 19:43;01.12.2019 19:43;328619.3;4690347.7;329702.7;4684365.6
14585;AP4585;01.12.2019 19:44;01.12.2019 19:44;329816.162;4683560;329245.807;4683759.4
14607;AP4607;01.12.2019 19:51;01.12.2019 19:51;330702.9;4690925.3;329731.967;4688107.2
14610;AP4610;01.12.2019 19:53;01.12.2019 19:53;327556.04;4693312.5;330727.12;4686305.5
14618;AP4618;01.12.2019 19:55;01.12.2019 19:55;330519.1;4689886;329576.97;4689773.2
14617;AP4617;01.12.2019 19:55;01.12.2019 19:55;331312.951;4691022;331062.8;4691776
14620;AP4620;01.12.2019 19:56;01.12.2019 19:56;326957.55;4689676;327987.72;4689221.5
14626;AP4626;01.12.2019 20:00;01.12.2019 20:00;329576.97;4689773.2;329731.967;4688107.2
14630;AP4630;01.12.2019 20:01;01.12.2019 20:01;328960.27;4690512;329285.36;4691333.2
14634;AP4634;01.12.2019 20:02;01.12.2019 20:02;331005.95;4689466.2;330977.34;4687381.6
14639;AP4639;01.12.2019 20:05;01.12.2019 20:05;326322.517;4686410.8;325726.52;4685352.7
14643;AP4643;01.12.2019 20:06;01.12.2019 20:06;326949.76;4687767.8;326284.37;4685962.9
14654;AP4654;01.12.2019 20:09;01.12.2019 20:09;326957.55;4689676;327987.72;4689221.5
14659;AP4659;01.12.2019 20:10;01.12.2019 20:10;326957.55;4689676;326949.76;4687767.8
14674;AP4674;01.12.2019 20:15;01.12.2019 20:15;328960.27;4690512;328186.047;4690041
14672;AP4672;01.12.2019 20:15;01.12.2019 20:15;327014.51;4690478.8;325079.01;4691073.1
14692;AP4692;01.12.2019 20:23;01.12.2019 20:23;326322.517;4686410.8;326284.37;4685962.9
14702;AP4702;01.12.2019 20:25;01.12.2019 20:25;331754.37;4697799.5;332639.4;4693312
14705;AP4705;01.12.2019 20:26;01.12.2019 20:26;323971.572;4691220.1;327987.72;4689221.5
14713;AP4713;01.12.2019 20:28;01.12.2019 20:28;328960.27;4690512;327278.461;4690623.5
14717;AP4717;01.12.2019 20:31;01.12.2019 20:31;326022.59;4693299.4;327987.72;4689221.5
14732;AP4732;01.12.2019 20:37;01.12.2019 20:37;330386.12;4690842;326949.76;4687767.8
14738;AP4738;01.12.2019 20:38;01.12.2019 20:38;330116.167;4690965.5;327790.23;4688472.9
14740;AP4740;01.12.2019 20:39;01.12.2019 20:39;326623.67;4688997.1;327381.91;4688674.1
14741;AP4741;01.12.2019 20:39;01.12.2019 20:39;329139.34;4689893.8;330116.167;4690965.5
14753;AP4753;01.12.2019 20:45;01.12.2019 20:45;331062.8;4691776;329691.87;4690911
14757;AP4757;01.12.2019 20:47;01.12.2019 20:47;327618.05;4691658.9;327014.51;4690478.8
14756;AP4756;01.12.2019 20:47;01.12.2019 20:47;327618.05;4691658.9;327014.51;4690478.8
14763;AP4763;01.12.2019 20:49;01.12.2019 20:49;327987.72;4689221.5;328529.27;4689502.7
14784;AP4784;01.12.2019 20:56;01.12.2019 20:56;330519.1;4689886;327790.23;4688472.9
14783;AP4783;01.12.2019 20:56;01.12.2019 20:56;325079.01;4691073.1;327381.91;4688674.1
14782;AP4782;01.12.2019 20:56;01.12.2019 20:56;326584.59;4687114;325567.78;4684817.1
14786;AP4786;01.12.2019 20:57;01.12.2019 20:57;328960.27;4690512;329525.838;4690200.2
14796;AP4796;01.12.2019 21:00;01.12.2019 21:00;329576.97;4689773.2;328960.27;4690512
14804;AP4804;01.12.2019 21:04;01.12.2019 21:04;327014.51;4690478.8;327790.23;4688472.9
14807;AP4807;01.12.2019 21:05;01.12.2019 21:05;328619.3;4690347.7;326949.76;4687767.8
14808;AP4808;01.12.2019 21:06;01.12.2019 21:06;325379.68;4693395.6;330116.167;4690965.5
14822;AP4822;01.12.2019 21:11;01.12.2019 21:11;330386.12;4690842;331062.8;4691776
14827;AP4827;01.12.2019 21:14;01.12.2019 21:14;330001.12;4690169.1;327987.72;4689221.5
14826;AP4826;01.12.2019 21:14;01.12.2019 21:14;330001.12;4690169.1;327987.72;4689221.5
14836;AP4836;01.12.2019 21:20;01.12.2019 21:20;324544.55;4690783.1;330116.167;4690965.5
14843;AP4843;01.12.2019 21:21;01.12.2019 21:21;330116.167;4690965.5;330001.12;4690169.1
14844;AP4844;01.12.2019 21:22;01.12.2019 21:22;326957.55;4689676;326584.59;4687114
14848;AP4848;01.12.2019 21:24;01.12.2019 21:24;330116.167;4690965.5;328537.614;4688827.2
14856;AP4856;01.12.2019 21:27;01.12.2019 21:27;328381.933;4689779.7;326584.59;4687114
14857;AP4857;01.12.2019 21:29;01.12.2019 21:29;330702.9;4690925.3;330116.167;4690965.5
14861;AP4861;01.12.2019 21:30;01.12.2019 21:30;330116.167;4690965.5;329707.29;4690995.37
14863;AP4863;01.12.2019 21:32;01.12.2019 21:32;327381.91;4688674.1;326765.42;4689381.9
14872;AP4872;01.12.2019 21:38;01.12.2019 21:38;327338.34;4692027.8;327381.91;4688674.1
14874;AP4874;01.12.2019 21:39;01.12.2019 21:39;330021.47;4692441.6;328960.27;4690512
14887;AP4887;01.12.2019 21:46;01.12.2019 21:46;322750.814;4689796.7;329731.967;4688107.2
14894;AP4894;01.12.2019 21:49;01.12.2019 21:49;330116.167;4690965.5;328641.36;4690542.5
14903;AP4903;01.12.2019 21:55;01.12.2019 21:55;331118.9;4692214.8;331062.8;4691776
14907;AP4907;01.12.2019 21:58;01.12.2019 21:58;331062.8;4691776;329437.881;4691913.5
14910;AP4910;01.12.2019 21:59;01.12.2019 21:59;328537.614;4688827.2;327987.72;4689221.5
14918;AP4918;01.12.2019 22:02;01.12.2019 22:02;330021.47;4692441.6;330519.1;4689886
14925;AP4925;01.12.2019 22:08;01.12.2019 22:08;331513.04;4690840.38;331062.8;4691776
14931;AP4931;01.12.2019 22:10;01.12.2019 22:10;327241.32;4690173;326584.59;4687114
14933;AP4933;01.12.2019 22:11;01.12.2019 22:11;328186.047;4690041;327987.72;4689221.5
14938;AP4938;01.12.2019 22:15;01.12.2019 22:15;326584.59;4687114;325726.52;4685352.7
14939;AP4939;01.12.2019 22:15;01.12.2019 22:15;326584.59;4687114;325726.52;4685352.7
14944;AP4944;01.12.2019 22:21;01.12.2019 22:21;328460.08;4692098.4;330519.1;4689886
14955;AP4955;01.12.2019 22:28;01.12.2019 22:28;331513.04;4690840.38;331062.8;4691776
14954;AP4954;01.12.2019 22:28;01.12.2019 22:28;328960.27;4690512;327618.05;4691658.9
14971;AP4971;01.12.2019 22:36;01.12.2019 22:36;327987.72;4689221.5;326957.55;4689676
14988;AP4988;01.12.2019 22:51;01.12.2019 22:51;326765.42;4689381.9;326949.76;4687767.8
14989;AP4989;01.12.2019 22:51;01.12.2019 22:51;330127.681;4690003.1;330519.1;4689886
14986;AP4986;01.12.2019 22:51;01.12.2019 22:51;328960.27;4690512;329525.838;4690200.2
15002;AP5002;01.12.2019 22:59;01.12.2019 22:59;329702.7;4684365.6;329245.807;4683759.4
15000;AP5000;01.12.2019 22:59;01.12.2019 22:59;331062.8;4691776;330702.9;4690925.3
15004;AP5004;01.12.2019 23:00;01.12.2019 23:00;327025.37;4692269.6;327381.91;4688674.1