<?xml version="1.0" ?>
<!DOCTYPE config SYSTEM "http://www.matsim.org/files/dtd/config_v2.dtd">
<config>
	<module name="multiModeDrt">
		<parameterset type="drt">
			<parameterset type="ExtensiveInsertionSearch"/>

			<!-- If true, the startLink is changed to last link in the current schedule, so the taxi starts the next day at the link where it stopped operating the day before. False by default. -->
			<param name="changeStartLinkToLastLinkInSchedule" value="false"/>
			<!-- Defines the slope of the maxTravelTime estimation function (optimisation constraint), i.e. maxTravelTimeAlpha * estimated_drt_travel_time + maxTravelTimeBeta. Alpha should not be smaller than 1. -->
			<param name="maxTravelTimeAlpha" value="1.5"/>
			<!-- Defines the shift of the maxTravelTime estimation function (optimisation constraint), i.e. maxTravelTimeAlpha * estimated_drt_travel_time + maxTravelTimeBeta. Beta should not be smaller than 0. -->
			<param name="maxTravelTimeBeta" value="1200.0"/>
			<!-- Max wait time for the bus to come (optimisation constraint). -->
			<param name="maxWaitTime" value="1200.0"/>
			<!-- Maximum walk distance to next stop location in stationbased system. -->
			<param name="maxWalkDistance" value="1500.0"/>

			<!-- Operational Scheme, either door2door or stopbased. door2door by default -->
			<param name="operationalScheme" value="stopbased"/>

			<!-- Bus stop duration. -->
			<param name="stopDuration" value="60.0"/>

			<!-- Stop locations file (transit schedule format, but without lines) for DRT stops. Used only for the stopbased mode -->
			<param name="transitStopFile" value="drtstops.xml"/>

			<!-- An XML file specifying the vehicle fleet. The file format according to dvrp_vehicles_v1.dtd -->
			<param name="vehiclesFile" value="drtvehicles.xml"/>

			<!-- Writes out detailed DRT customer stats in each iteration. True by default. -->
			<param name="writeDetailedCustomerStats" value="true"/>

			<parameterset type="zonalSystem">
				<param name="zonesGeneration" value="GridFromNetwork"/>
				<param name="cellSize" value="2000"/>
			</parameterset>

			<parameterset type="rebalancing">
				<parameterset type="minCostFlowRebalancingStrategy">
					<param name="targetAlpha" value="0.5"/>
					<param name="targetBeta" value="0.5"/>
				</parameterset>
			</parameterset>

			<parameterset type="drtfare">
				<param name="basefare" value="0.25"/>
				<!-- Daily subscription fee (fee = positive value) -->
				<param name="dailySubscriptionFee" value="0.0"/>
				<!-- drt fare per meter (fee = positive value) -->
				<param name="distanceFare_m" value="0.0001"/>
				<!-- drt fare per hour (fee = positive value) -->
				<param name="timeFare_h" value="3.6"/>
				<!-- Minimum fare per trip (paid instead of the sum of base, time and distance fare if that sum would be lower than the minimum fare, fee = positive value). -->
				<param name="minFarePerTrip" value="1.0"/>
			</parameterset>
		</parameterset>
	</module>

    <module name="dvrp" >
		<!-- Mode of which the network will be used for routing vehicles, calculating travel times, etc. (fleet operator's perspective). If null, no mode filtering is done; the standard network (Scenario.getNetwork()) is used -->
		<param name="networkModes" value="car"/>

		<!-- Used for estimation of travel times for VrpOptimizer by means of the exponential moving average. The weighting decrease, alpha, must be in (0,1]. We suggest small values of alpha, e.g. 0.05. The averaging starts from the initial travel time estimates. If not provided, the free-speed TTs is used as the initial estimates For more info see comments in: VrpTravelTimeEstimator, VrpTravelTimeModules, DvrpModule. -->
		<param name="travelTimeEstimationAlpha" value="0.05" />
	</module>

	<module name="network">
		<param name="inputNetworkFile" value="network.xml.gz" />
		<!-- param name="timeVariantNetwork" value="false" / if timeVariantNetwork -->
		<!-- param name="inputChangeEventsFile" value=""/ if timeVariantNetwork -->
	</module>

	<module name="plans">
		<param name="inputPlansFile" value="cb-drtplans.xml.gz" />
	</module>

	<module name="qsim">
		<param name="simStarttimeInterpretation" value="onlyUseStarttime" />
		<param name="startTime" value="00:00:00" />
		<param name="endTime" value="24:00:00" />
		<param name="insertingWaitingVehiclesBeforeDrivingVehicles"
			value="true" />
		<param name="snapshotStyle" value="queue" />
	</module>

	<module name="otfvis">
		<param name="coloringScheme" value="taxicab" />
		<param name="drawNonMovingItems" value="true" />
	</module>

	<module name="controler">
		<param name="outputDirectory" value="output/drt_stopbased" />
		<param name="overwriteFiles" value="deleteDirectoryIfExists" />
		<param name="firstIteration" value="0" />
		<param name="lastIteration" value="0" />
	</module>

	<module name="planCalcScore">
		<parameterset type="activityParams">
			<param name="activityType" value="work" />
			<param name="typicalDuration" value="08:00:00" />
			<param name="openingTime" value="06:00:00" />
			<param name="latestStartTime" value="09:00:00" />
			<param name="closingTime" value="17:00:00" />
		</parameterset>

		<parameterset type="activityParams">
			<param name="activityType" value="home" />
			<param name="typicalDuration" value="12:00:00" />
		</parameterset>

		<parameterset type="modeParams">
			<param name="constant" value="0.0" />
			<param name="marginalUtilityOfDistance_util_m" value="0.0" />
			<param name="marginalUtilityOfTraveling_util_hr" value="0.0" />
			<param name="mode" value="drt" />
			<param name="monetaryDistanceRate" value="0.0" />
		</parameterset>

	</module>

	<module name="strategy">
		<param name="fractionOfIterationsToDisableInnovation" value="0.8" />

		<parameterset type="strategysettings">
			<param name="strategyName" value="TimeAllocationMutator" />
			<param name="weight" value="0.1" />
		</parameterset>
	</module>
	<module name="TimeAllocationMutator">
		<param name="mutationRange" value="900.0" />

	</module>
</config>
