<?xml version="1.0" encoding="UTF-8"?>

<!--===========================================================================
  #%L
  BDI-ABM Integration Package
  %%
  Copyright (C) 2014 - 2016 by its authors. See AUTHORS file.
  %%
  This program is free software: you can redistribute it and/or modify
  it under the terms of the GNU Lesser General Public License as
  published by the Free Software Foundation, either version 3 of the
  License, or (at your option) any later version.

  This program is distributed in the hope that it will be useful,
  but WITHOUT ANY WARRANTY; without even the implied warranty of
  MERCHANTABILITY or FITNESS FOR A PARTICULAR PURPOSE.  See the
  GNU General Lesser Public License for more details.

  You should have received a copy of the GNU General Lesser Public
  License along with this program.  If not, see
  <http://www.gnu.org/licenses/lgpl-3.0.html>.
  #L%
============================================================================-->

<simulation
  xmlns:xsi="http://www.w3.org/2001/XMLSchema-instance"
  xmlns="https://github.com/agentsoz/bdi-abm-integration"
  xsi:schemaLocation="https://github.com/agentsoz/bdi-abm-integration ../xsd/ees.xsd"
  version="v2.0">

  <!-- global configuration sent to all models -->
  <global>
    <!-- random seed to be used for all models; set to -1 if not used -->
    <opt id="randomSeed">12345</opt>
    <!-- coordinate reference system in EPSG format to be used for all models; see http://spatialreference.org -->
    <opt id="crs">EPSG:25832</opt>
    <!--<opt id="crs">EPSG:4326</opt>-->
    <!-- simulation start time in HH:MM format -->
    <opt id="startHHMM">00:00</opt>
    <!-- Output file for trips written in DeckGL format -->
    <opt id="deckGlOutFile">ees/test/output/io/github/agentsoz/ees/agents/archetype/FrankfurtCampusExample/test/trips.deckgl.json</opt>
   <!-- <opt id="deckGlOutFile">ees/test/output/io/github/agentsoz/ees/agents/archetype/MaldonExample/test/trips.deckgl.json</opt>-->
  </global>

  <!-- model specific configuration -->
  <models>

    <model id="bdi">
      <!-- Jill BDI engine configuration arguments; DO NOT CHANGE IF UNSURE -->
      <opt id="jPlanSelectionPolicy">FIRST</opt>
      <opt id="jAgents"></opt>
      <opt id="jLogLevel">WARN</opt>
     <!-- <opt id="jLogFile">ees/test/output/io/github/agentsoz/ees/agents/archetype/FrankfurtCampusExample/test/jill.log</opt> -->
     <!-- <opt id="jOutFile">ees/test/output/io/github/agentsoz/ees/agents/archetype/FrankfurtCampusExample/test/jill.out.gz</opt> -->

      <!--opt id="jLogFile">ees/test/output/io/github/agentsoz/ees/agents/archetype/MaldonExample/test/jill.log</opt>-->
      <!--opt id="jOutFile">ees/test/output/io/github/agentsoz/ees/agents/archetype/MaldonExample/test/jill.out.gz</opt>-->

      <!--<opt id="jNumThreads">1</opt>-->
      <!-- Output file for evacuation metrics -->
      <!--<opt id="bdiMetricsFile">ees/test/output/io/github/agentsoz/ees/agents/archetype/FrankfurtCampusExample/test/archetype.metrics.json.gz</opt> -->
     <!-- <opt id="bdiMetricsFile">ees/test/output/io/github/agentsoz/ees/agents/archetype/MaldonExample/test/archetype.metrics.json.gz</opt>-->
      <!-- Time bin size in seconds for collected evacuation metrics -->
      <opt id="bdiMetricsFrequencyInSeconds">600</opt>

    </model>

    <model id="matsim">
      <!-- MATSim output directory relative to examples/bushfire directory (will overrule the setting in MATSim config) -->
      <!-- <opt id="outputDir">ees/test/output/io/github/agentsoz/ees/agents/archetype/MaldonExample/test/matsim</opt>-->
      <opt id="outputDir">ees/test/output/io/github/agentsoz/ees/agents/archetype/FrankfurtCampusExample/test/matsim</opt>

      <!-- MATSim XML config XML file relative to examples/bushfire directory -->
      <opt id="configXml">ees/scenarios/matsim-drt-frankfurt-campus-westend-example/matsim_config.xml</opt>
      <!--<opt id="configXml">ees/scenarios/matsim-drt-frankfurt-campus-westend-example/drtconfig_door2door.xml</opt>-->
      <!--<opt id="configXml">ees/scenarios/mount-alexander-shire/maldon-example/matsim_config.xml</opt>-->

      <!-- Maximum distance at which the fire can be seen (in metres)-->

      <!-- <opt id="maxDistanceForFireVisual">1000</opt>-->

      <!-- Maximum distance at which smoke can be seen (in metres)-->

      <!--  <opt id="maxDistanceForSmokeVisual">5000</opt>-->

      <!-- Fire avoidance buffer used for planning routes for regular vehicles (in metres)-->

      <!--<opt id="fireAvoidanceBufferForVehicles">5000</opt>-->

      <!-- Fire avoidance buffer used for planning routes for emergency vehicles (in metres)-->

      <!-- <opt id="fireAvoidanceBufferForEmergencyVehicles">1000</opt>-->

      <!-- Parameters used by vehicles to decide whether they are stuck in congestion -->
      <!-- check for congestion every I=300 secs-->
      <opt id="congestionEvaluationInterval">180</opt>
      <!-- accept delays of txI secs, where tolerance t=0.5 -->
      <opt id="congestionToleranceThreshold">0.33</opt>
      <!-- likelihood of taking action if congestion threshold is reached -->
      <opt id="congestionReactionProbability">0.0</opt>

    </model>

   <!-- <model id="phoenix">-->
      <!-- Phoenix start time in HH:MM format; used to calculate absolute values for hour_spot and hour_burnt -->
     <!-- <opt id="ignitionHHMM">12:30</opt>-->
      <!-- Phoenix grid GeoJSON file -->
     <!-- <opt id="gridGeoJson">ees/scenarios/mount-alexander-shire/maldon-example/20181109_mountalex_evac_ffdi75d_grid.shp.json.gz</opt>-->
      <!-- Phoenix grid square size (in meteres) -->
      <!--<opt id="gridSquareSideInMetres">180</opt>-->
   <!-- </model>-->

   <!-- <model id="disruption">-->
      <!-- Disruptions JSON file relative to examples/bushfire directory -->
     <!--<opt id="fileJson"></opt>-->
   <!-- </model>-->

  <!--  <model id="messaging">-->
      <!-- Messaging JSON file  -->
      <!--<opt id="fileJson">ees/scenarios/mount-alexander-shire/maldon-example/messages.json</opt>-->
      <!-- Zones GeoJSON file mapping zone IDs to polygon shapes -->
     <!-- <opt id="fileZonesGeoJson">ees/scenarios/mount-alexander-shire/maldon-example/mas_sa1s_epsg4326.json</opt>-->
   <!-- </model>-->

  </models>

</simulation>
