<?xml version="1.0" ?>
<!--
  #%L
  BDI-ABM Integration Package
  %%
  Copyright (C) 2014 - 2015 by its authors. See AUTHORS file.
  %%
  This program is free software: you can redistribute it and/or modify
  it under the terms of the GNU Lesser General Public License as
  published by the Free Software Foundation, either version 3 of the
  License, or (at your option) any later version.

  This program is distributed in the hope that it will be useful,
  but WITHOUT ANY WARRANTY; without even the implied warranty of
  MERCHANTABILITY or FITNESS FOR A PARTICULAR PURPOSE.  See the
  GNU General Lesser Public License for more details.

  You should have received a copy of the GNU General Lesser Public
  License along with this program.  If not, see
  <http://www.gnu.org/licenses/lgpl-3.0.html>.
  #L%
  -->

<!DOCTYPE config SYSTEM "http://www.matsim.org/files/dtd/config_v2.dtd">
<config>

	<module name="global">
		<param name="randomSeed" value="482564" />
		<param name="coordinateSystem" value="EPSG:25832" />
		<param name="numberOfThreads" value="1" />
	</module>

	<module name="network">
		<param name="inputNetworkFile" value="campus-layer-utm.xml" />
		<!--<param name="inputNetworkFile" value="campus-layer.xml" />-->
		<param name= "timeVariantNetwork" value= "false" />
		<!--<param name= "inputChangeEventsFile" value= "scenario_matsim_network_change_events.xml.gz" />-->
	</module>

	<module name="plans">
		<param name="inputPlansFile" value="campus-population.xml" />
	</module>

	<module name="controler">
		<param name="outputDirectory" value="output/" />
		<param name="firstIteration" value="0" />
		<param name="lastIteration" value="0" />
		<param name="mobsim" value="qsim" />
		<param name = "snapshotFormat" value="googleearth"/> <!-- enable KML output; also must enable snapshotperiod -->
	</module>

	<module name="controler">
		<param name= "routingAlgorithmType" value="FastAStarLandmarks" />
	</module>

	<module name="qsim">
		<!-- "start/endTime" of MobSim  (00:00:00 == take earliest activity time/ run as long as active vehicles exist) -->
		<param name="startTime" value="00:00:00" />
		<param name="endTime" value="23:59:59" />

		<param name = "snapshotperiod"	value = "00:00:20"/> <!-- 00:00:00 means NO snapshot writing, 00:00:30 means every 30 secs -->
		<!--<param name="timeStepSize" value="1.0"/>-->
		<param name= "flowCapacityFactor" value= "1.0" />
		<param name= "storageCapacityFactor" value= "1.0" />

		<param name="numberOfThreads" value="8" />
	</module>

	<module name="planCalcScore">
		<param name="learningRate" value="1.0" />
		<param name="BrainExpBeta" value="2.0" />

		<parameterset type="scoringParameters">
			<param name="lateArrival" value="-18" />
			<param name="earlyDeparture" value="-0" />
			<param name="performing" value="+6" />
			<param name="waiting" value="-0" />

			<parameterset type="modeParams">
				<param name="mode" value="car"/>
				<param name="marginalUtilityOfTraveling_util_hr" value="-6.0" />
			</parameterset>
			<parameterset type="modeParams">
				<param name="mode" value="pt"/>
			</parameterset>

			<parameterset type="activityParams">
				<param name="activityType"    value="home" /> <!-- home -->
				<param name="priority"        value="1" />
				<param name="typicalDuration" value="12:00:00" />
				<param name="minimalDuration" value="08:00:00" />
			</parameterset>
			<parameterset type="activityParams">
				<param name="activityType"    value="work" /> <!-- work -->
				<param name="priority"        value="1" />
				<param name="typicalDuration" value="08:00:00" />
				<param name="minimalDuration" value="06:00:00" />
				<param name="openingTime"     value="07:00:00" />
				<param name="latestStartTime" value="09:00:00" />
				<param name="earliestEndTime" value="" />
				<param name="closingTime"     value="18:00:00" />
			</parameterset>
		</parameterset>
	</module>


	<module name="strategy">
		<param name="maxAgentPlanMemorySize" value="5" /> <!-- 0 means unlimited -->

		<parameterset type="strategysettings">
			<param name="strategyName" value="BestScore"/>
			<param name="weight" value="0.9"/>
		</parameterset>

		<parameterset type="strategysettings">
			<param name="strategyName" value="ReRoute"/>
			<param name="weight" value="0.1"/>
		</parameterset>
	</module>

	<module name="parallelEventHandling" >
		<param name="numberOfThreads" value="1" />
	</module>

</config>
